symbol,predicted Percent Growth
VHC,1031.430419921875
GIB,1031.430419921875
ALK,1031.430419921875
SKE,1031.430419921875
MCO,1031.430419921875
AM,1031.430419921875
OOMA,1031.430419921875
CULP,1031.430419921875
EAF,1031.430419921875
CURV,1031.430419921875
BXSL,1031.430419921875
ASX,1031.430419921875
SRG,1031.430419921875
PRG,1031.430419921875
IFS,1031.430419921875
ALSN,1031.430419921875
JLL,1031.430419921875
ALX,1031.430419921875
BFH,1031.430419921875
RGT,408.8976745605469
ATUS,260.9084777832031
MVO,248.2505798339844
VOC,63.91447448730469
TSQ,45.21819686889648
EB,39.42966842651367
HUBS,36.61808013916016
HVT,34.574058532714844
LUMN,32.95248794555664
CNNE,31.723012924194336
FL,31.387664794921875
MUSA,30.17643165588379
LZB,28.7664794921875
VALE,28.35016250610352
TLYS,27.832443237304688
CLPR,26.92601585388184
SQ,25.989614486694336
SON,25.801246643066406
THO,25.12042617797852
RHP,24.239885330200195
BHR,23.399394989013672
DAVA,23.28046989440918
CDP,22.98971939086914
VRE,22.873634338378903
COMP,22.80017471313477
KRC,22.79805564880371
GCO,22.75895118713379
OPAD,22.730802536010746
BEKE,22.46966361999512
ESS,22.376277923583984
RSI,22.375045776367188
CXM,22.297439575195312
DKS,21.96305084228516
APLE,21.94144630432129
BDN,21.732994079589844
OLP,21.658292770385746
FRT,21.34013557434082
CWK,21.0813045501709
AXL,21.05462074279785
JOE,20.917526245117188
OUT,20.709991455078125
BRT,20.6866455078125
CBRE,20.58577919006348
BNL,20.267547607421875
TRNO,20.226911544799805
WSR,20.143892288208008
HIW,20.08285903930664
BPT,19.87455177307129
HOUS,19.844655990600582
FOR,19.84294509887696
ITT,19.812211990356445
DRH,19.78487777709961
O,19.73681259155273
OC,19.69115257263184
VTR,19.658565521240234
IDA,19.61789321899414
ALE,19.523832321166992
CWEN,19.46702766418457
PNR,19.45859336853028
MHK,19.363744735717773
AWI,19.3585205078125
RMAX,19.340490341186523
HPP,19.25421905517578
AGX,19.2387752532959
HUBB,19.22529602050781
HR,19.151811599731445
EBR,19.11540412902832
EMR,19.07864189147949
FPI,19.05248260498047
KRG,19.03678131103516
COLD,19.01616668701172
UGI,19.01097297668457
FCN,19.004772186279297
ARIS,18.986948013305664
PDM,18.98299789428711
FBIN,18.98238754272461
XYL,18.934749603271484
AKA,18.91693878173828
AVB,18.916831970214844
ADC,18.90471076965332
TFII,18.884416580200195
CPT,18.86396217346192
VRT,18.835336685180664
INN,18.75669288635254
MMS,18.746734619140625
PSTL,18.725492477416992
NSA,18.72397422790528
NXRT,18.71991539001465
EGP,18.70104217529297
HRI,18.698972702026367
NRG,18.65468978881836
AMH,18.643531799316406
ESRT,18.63095664978028
AOS,18.609561920166016
KW,18.592309951782227
KEX,18.588579177856445
NREF,18.563852310180664
MODG,18.56244659423828
SKT,18.554079055786133
TKR,18.525609970092773
ATS,18.49955177307129
CHCT,18.494956970214844
EXR,18.486766815185547
ELP,18.48098564147949
GBX,18.47875213623047
CSR,18.471599578857425
FDX,18.467086791992188
ABM,18.44228744506836
GVA,18.43289375305176
PSA,18.43202209472656
MAC,18.406234741210938
EQR,18.39729118347168
AHH,18.36721992492676
CMG,18.36612892150879
SWX,18.35578727722168
ARC,18.338685989379883
AMT,18.337608337402344
SLG,18.330442428588867
PWR,18.293079376220703
CCI,18.28267478942871
BV,18.279949188232425
KFY,18.226991653442383
J,18.22210693359375
PEB,18.219757080078125
NNN,18.204790115356445
PLD,18.20032119750977
REXR,18.1939640045166
RWT,18.14659309387207
UE,18.139623641967773
WPC,18.123624801635746
IIPR,18.108116149902344
CUBE,18.1048583984375
ELS,18.10199546813965
PRIM,18.099027633666992
UDR,18.093626022338867
STWD,18.089000701904297
DOC,18.082494735717773
IRS,18.07465934753418
AKR,18.0634994506836
MITT,18.042505264282227
ARR,18.03084754943848
ORC,18.02440452575684
MAA,18.002731323242188
ARE,18.001230239868164
CUZ,17.997013092041016
ACCO,17.99295997619629
MTZ,17.991445541381836
HNI,17.98688507080078
ESE,17.963478088378906
DLR,17.948190689086914
APG,17.947704315185547
EFC,17.924585342407227
STAG,17.9093017578125
NVT,17.90188980102539
NHI,17.897899627685547
DEA,17.888946533203125
SUI,17.87990951538086
SPXC,17.87077522277832
ALEX,17.840808868408203
DX,17.839014053344727
AOMR,17.827239990234375
SIG,17.8181095123291
BRX,17.81746482849121
RC,17.812694549560547
AWR,17.8094425201416
IVR,17.804149627685547
TPC,17.783447265625
NLY,17.78141975402832
AJX,17.77788543701172
ELME,17.7752685546875
STN,17.769737243652344
PLYM,17.75881576538086
FR,17.748699188232422
BFS,17.739255905151367
CHMI,17.73820686340332
TWO,17.72343635559082
LFT,17.715293884277344
PMT,17.707561492919922
MFA,17.69938850402832
CIO,17.682146072387695
KREF,17.67825698852539
BROS,17.671751022338867
MATX,17.666452407836914
DE,17.663236618041992
CIM,17.660181045532227
ACR,17.658069610595703
GNL,17.655906677246094
RITM,17.655542373657227
MPW,17.64997673034668
SPH,17.635419845581055
ABR,17.63254737854004
IRT,17.626340866088867
FLR,17.6173095703125
SPG,17.614940643310547
ARI,17.612751007080078
GPMT,17.60444450378418
VVX,17.59817886352539
CXW,17.598129272460938
FCPT,17.58721351623535
LADR,17.5809326171875
TRTX,17.577369689941406
OSK,17.56485366821289
VICI,17.562353134155273
UHT,17.56075096130371
HASI,17.549747467041016
CMTG,17.54954719543457
ACRE,17.52957534790039
KBR,17.516616821289062
EQC,17.49388313293457
GMRE,17.474056243896484
MDU,17.467632293701172
SBS,17.458316802978516
BXMT,17.456890106201172
FPH,17.454256057739258
AEO,17.44098663330078
LTC,17.432971954345703
MMM,17.41939926147461
ETN,17.41630744934082
ORN,17.412410736083984
IRM,17.40252113342285
BAH,17.394573211669922
ARLO,17.366975784301758
SAFE,17.36431121826172
FBRT,17.360376358032227
BRSP,17.351318359375
POR,17.349958419799805
NVRI,17.336244583129883
VVV,17.280359268188477
CMS,17.273853302001953
ATO,17.24754524230957
OHI,17.210712432861328
ARL,17.191652297973633
TCI,17.18647003173828
MAN,17.14588737487793
XPO,17.12533187866211
PPL,17.124656677246094
UHAL,17.12114715576172
AGCO,17.08441734313965
ENR,17.084274291992188
QUAD,17.059377670288086
IP,17.059226989746094
AXR,17.056486129760742
REVG,17.045513153076172
NXDT,17.044654846191406
AVA,17.04446792602539
EPRT,17.025819778442383
RBA,17.016427993774414
ED,17.015972137451172
NSC,17.015913009643555
ERJ,16.956947326660156
GD,16.955223083496094
MG,16.948667526245117
EME,16.94365692138672
EDN,16.925840377807617
KEP,16.902109146118164
ORA,16.899436950683594
ALTG,16.89267349243164
CWT,16.862388610839844
DOV,16.85235023498535
UPS,16.84479331970215
SAVE,16.82106590270996
CNP,16.815351486206055
HWM,16.7940731048584
EIX,16.782041549682617
ES,16.777515411376953
CTRE,16.77414894104004
HI,16.76341438293457
CIG,16.758350372314453
GEO,16.757797241210938
AES,16.75736427307129
KNX,16.74895668029785
FE,16.68580436706543
NOC,16.684179306030273
REZI,16.6795597076416
CBZ,16.642698287963867
GFL,16.64194107055664
NWN,16.63555335998535
MEG,16.63098907470703
HY,16.606685638427734
OGE,16.59969139099121
NGG,16.588289260864258
EPR,16.58681297302246
CBL,16.57804298400879
BBU,16.573165893554688
VST,16.571456909179688
CCS,16.562849044799805
AEE,16.553600311279297
SJW,16.546138763427734
NJR,16.545547485351562
PINE,16.536836624145508
DTE,16.53499984741211
DFH,16.528963088989258
SO,16.528362274169922
ARMK,16.52696990966797
WTRG,16.522205352783203
UTL,16.51284408569336
BKH,16.504074096679688
DUK,16.50368881225586
CTOS,16.495515823364258
AQN,16.492610931396484
HII,16.490501403808594
KIM,16.489980697631836
WCN,16.483049392700195
FTS,16.482593536376953
PCG,16.4688777923584
SWK,16.458890914916992
PNW,16.457761764526367
PGRE,16.404033660888672
AGR,16.40072250366211
CMI,16.394207000732422
DCI,16.393569946289062
BCO,16.389667510986328
WM,16.389402389526367
AWK,16.34353256225586
FIX,16.323251724243164
UMH,16.322284698486328
CPK,16.31368637084961
ENIC,16.288301467895508
BIP,16.275083541870117
RDW,16.26243782043457
PEG,16.258514404296875
WEC,16.25265884399414
AMBP,16.252460479736328
ETR,16.22951889038086
BXP,16.22454261779785
BEPC,16.2174072265625
WAB,16.207456588745117
SR,16.20415687561035
BERY,16.19120979309082
OGS,16.179304122924805
NEP,16.11155891418457
NI,16.107851028442383
HHH,16.098512649536133
BGSF,16.07135772705078
SRE,16.06850242614746
ALLE,16.060352325439453
DEI,16.044797897338867
LUV,16.01317024230957
ACM,15.992652893066406
D,15.924683570861816
SITC,15.924447059631348
GTLS,15.919328689575195
TT,15.917153358459473
DLX,15.91439437866211
VATE,15.898784637451172
LHX,15.895928382873535
TAC,15.874885559082031
OTIS,15.810958862304688
NEE,15.791282653808594
R,15.787283897399902
AMRC,15.771524429321287
ADT,15.76095962524414
LXP,15.74638557434082
TDG,15.730854034423828
VVI,15.718547821044922
DBRG,15.68861198425293
CAPL,15.663311004638672
URI,15.644917488098145
BEP,15.633298873901367
RSG,15.627480506896973
ZTO,15.58215618133545
RTO,15.5650634765625
CPA,15.422731399536133
PH,15.385616302490234
UNP,15.38376522064209
ROK,15.374354362487791
EFX,15.36768913269043
GHM,15.350934982299805
NMM,15.337556838989258
WELL,15.333245277404783
ABT,15.319939613342283
DHR,15.305115699768066
INVH,15.30015468597412
HE,15.29355239868164
CAE,15.287795066833496
AME,15.283662796020508
JCI,15.270100593566896
LMT,15.25172233581543
RTX,15.2493896484375
KNOP,15.156453132629396
MGM,15.07204246520996
CAAP,15.026013374328612
CVEO,15.021730422973633
HBI,15.0181884765625
CAT,14.99213981628418
TMO,14.99138069152832
STEM,14.979666709899902
DGX,14.96475315093994
ASAN,14.945157051086426
CRL,14.940791130065918
VLRS,14.938058853149414
SYK,14.924288749694824
SPLP,14.91542625427246
COOK,14.89421844482422
CP,14.857854843139648
APTV,14.85014533996582
PSTG,14.839701652526855
FLS,14.835500717163086
ZBH,14.81279754638672
EHC,14.805561065673828
GPN,14.804451942443848
GE,14.78544807434082
AL,14.758155822753906
NCLH,14.73969841003418
CNI,14.734103202819824
EVTC,14.6943359375
ITW,14.683734893798828
DPZ,14.591055870056152
MOH,14.560869216918944
CHE,14.506054878234863
DAL,14.477668762207031
MLP,14.476338386535645
TRI,14.454240798950195
BSX,14.38742733001709
FERG,14.372339248657228
MTW,14.355267524719238
JNPR,14.312771797180176
AAL,14.312435150146484
WKC,14.299331665039062
BAX,14.276493072509766
PAC,14.272438049316406
GSL,14.256360054016112
SFL,14.255257606506348
ATR,14.248929023742676
LII,14.229214668273926
SUN,14.215198516845703
UHS,14.188076972961426
SHO,14.176790237426758
LH,14.17259120941162
WNS,14.15577507019043
BDX,14.118264198303224
SNN,14.112773895263672
AMN,14.09531307220459
FMS,14.08139991760254
CNC,14.021973609924316
CVS,13.999395370483398
SEM,13.933818817138672
TG,13.909504890441896
VTOL,13.89966869354248
BMY,13.894815444946287
UNH,13.880566596984863
KEN,13.842988014221191
SCS,13.838462829589844
RELX,13.835238456726074
CMRE,13.832674026489258
MAS,13.797423362731934
MMI,13.787657737731934
CAH,13.776369094848633
AAT,13.683012008666992
AVTR,13.654890060424805
BA,13.639163970947266
MPLN,13.619586944580078
OMI,13.613767623901367
SLQT,13.609150886535645
KORE,13.586750030517578
HCA,13.527206420898438
SPR,13.499482154846191
MRK,13.416257858276367
MD,13.343478202819824
PKE,13.295026779174805
AZUL,13.262371063232422
FOA,13.241527557373049
TRC,13.16517734527588
BBWI,13.156228065490724
NVS,13.135140419006348
FREY,13.121079444885254
BYON,13.05815601348877
NL,13.018524169921877
IQV,12.985344886779783
NSP,12.914295196533203
TAK,12.90835952758789
PHG,12.871893882751465
BKD,12.86669921875
MOD,12.848671913146973
EVH,12.81194019317627
BBW,12.797775268554688
CWH,12.733477592468262
UWMC,12.64367961883545
GSK,12.585949897766112
EAT,12.518986701965332
NPK,12.51734733581543
THC,12.49409294128418
ASR,12.472731590270996
RHI,12.457439422607422
JNJ,12.388864517211914
UGP,12.356958389282228
LLY,12.356156349182127
FOUR,12.338021278381348
PFE,12.333747863769531
TEVA,12.326037406921388
AER,12.206639289855955
DVA,12.20328426361084
TSLA,12.200778007507324
CYH,12.05408000946045
BLDR,12.020414352416992
DAC,11.999615669250488
CODI,11.976927757263184
BE,11.964482307434082
ELV,11.959465026855469
HUM,11.945457458496094
DOCS,11.907827377319336
SNA,11.865762710571287
HRB,11.859101295471191
MLI,11.842853546142578
CI,11.82953643798828
LAD,11.79857349395752
LNN,11.795966148376465
LICY,11.735458374023438
GLP,11.696476936340332
PRGO,11.673462867736816
ABBV,11.673404693603516
VEEV,11.602422714233398
MCK,11.521454811096191
SPIR,11.471076011657717
PBF,11.422341346740724
EBF,11.361143112182615
ANF,11.357417106628418
DLB,11.355772018432615
GGG,11.35414218902588
AAN,11.334161758422852
ZIM,11.325624465942385
MYE,11.197391510009766
PBI,11.170737266540527
MTD,11.140193939208984
EQH,11.047564506530762
NVO,11.04523468017578
PAM,11.032176971435549
IIIN,11.022663116455078
RLJ,10.855432510375977
TXT,10.751590728759766
YUM,10.732782363891602
VLO,10.731449127197266
MWA,10.653301239013672
BWA,10.535503387451172
XPRO,10.501007080078123
RBC,10.477567672729492
CACI,10.432750701904297
SXI,10.430316925048828
PEN,10.376380920410156
GTY,10.30234718322754
CSL,10.29825496673584
NVDA,10.249114990234377
HSY,10.213184356689451
WOR,10.185893058776855
DAN,10.153974533081056
OII,10.148310661315918
RGR,10.088370323181152
AGL,10.081583023071287
FICO,10.04344654083252
GTES,10.010409355163574
CRS,9.99412441253662
BW,9.966662406921388
ALG,9.934407234191896
GEF,9.924151420593262
PLNT,9.919787406921388
ZTS,9.879508018493652
SNOW,9.870587348937988
TISI,9.850183486938477
NPO,9.84694004058838
ASPN,9.839218139648438
TPX,9.812579154968262
AIV,9.809298515319824
ELF,9.78636360168457
KSS,9.766611099243164
EW,9.730474472045898
GMED,9.724328994750977
EPAC,9.723630905151367
MPC,9.646297454833984
HD,9.645726203918455
BOC,9.64370822906494
SNDA,9.610695838928224
ATIP,9.595369338989258
WSM,9.57736587524414
BIPC,9.476637840270996
DCO,9.473999977111816
ASC,9.443925857543944
CARR,9.38759994506836
VNCE,9.280268669128418
BABA,9.27019214630127
GATX,9.261205673217772
TTC,9.248449325561523
CHH,9.243815422058104
BXC,9.209534645080566
LW,9.192363739013672
AAPL,9.099770545959473
TBI,9.071331977844238
TJX,9.051109313964844
CVE,9.039609909057615
CCM,8.974677085876465
UP,8.963615417480469
PSX,8.937851905822754
LNC,8.901808738708496
CSAN,8.89595890045166
UI,8.894505500793457
PDX,8.82180404663086
ATI,8.767766952514648
CHD,8.737505912780762
PG,8.720796585083008
GPI,8.718353271484375
GLW,8.67451286315918
CPS,8.645586967468262
INSP,8.595407485961914
OPFI,8.582597732543945
GNK,8.581290245056152
PRLB,8.567232131958008
M,8.563754081726074
KOF,8.557188987731934
CRT,8.534051895141602
BJ,8.460287094116211
TGT,8.445212364196777
AIT,8.44397258758545
KO,8.441380500793457
ATKR,8.436574935913086
TDY,8.434244155883789
PSN,8.417442321777344
OWL,8.404099464416504
DEO,8.385655403137207
WST,8.342081069946289
TEL,8.321257591247559
WMS,8.298376083374023
AIR,8.27712631225586
WY,8.254347801208496
WMT,8.252596855163574
BIO,8.209065437316895
LOW,8.17464542388916
GES,8.155472755432129
ABEV,8.055981636047363
HEI,8.051644325256348
PII,8.038495063781738
TGI,8.01736831665039
ROL,7.983505725860596
DG,7.975859642028809
RDY,7.937442779541016
HRL,7.899587154388428
LDOS,7.892686367034912
OXM,7.838500499725342
IEX,7.819791793823242
SAH,7.763434410095215
EDU,7.712709426879883
UL,7.625545024871826
LEV,7.581964015960693
AORT,7.569523811340332
G,7.550478935241699
YUMC,7.547553062438965
CARS,7.526650905609131
JILL,7.519041061401367
KR,7.498244762420654
LAAC,7.474491119384766
NGVC,7.442742347717285
SEE,7.414580821990967
BBY,7.403051853179932
BHC,7.369226455688477
FLO,7.329552173614502
GRND,7.317620754241943
FC,7.297362804412842
BYD,7.289805889129639
MSI,7.289426803588867
GHC,7.26731538772583
VIPS,7.220632076263428
CPNG,7.205732345581055
DBI,7.196683883666992
SB,7.125696182250977
STG,7.085773944854736
BURL,7.016310691833496
SAIC,7.011283874511719
ZWS,6.995642185211182
GIS,6.95884370803833
MSB,6.951471328735352
MSFT,6.945228576660156
AN,6.926127910614014
NVR,6.914606094360352
BC,6.912158966064453
DOLE,6.896884918212891
BOX,6.895726203918457
CAL,6.853126049041748
ABG,6.848678112030029
AMPY,6.842557430267334
PAG,6.8367018699646
ACN,6.813283443450928
LEVI,6.7780866622924805
MA,6.767926216125488
CEE,6.760761737823486
FTK,6.756881713867188
VNT,6.751794338226318
ESTC,6.745624542236328
UNF,6.742611885070801
CXT,6.722177505493164
LEG,6.716772556304932
LEA,6.711110591888428
DRI,6.689980030059815
STZ,6.680126190185547
EOS,6.651688098907471
IT,6.650075435638428
BXMX,6.643933296203613
KFS,6.636338233947754
ACI,6.587179183959961
CSV,6.56745719909668
BR,6.562847137451172
AYI,6.548364639282227
ARCO,6.518536567687988
UIS,6.51718282699585
GPC,6.491415977478027
JBGS,6.48958683013916
JWN,6.478575706481934
WSO,6.4614033699035645
DFIN,6.450603485107422
THS,6.448655128479004
BH,6.396967887878418
K,6.392397403717041
TNET,6.377409934997559
BKKT,6.371975421905518
VOYA,6.349888801574707
STLA,6.337381839752197
DECK,6.323487281799316
ADM,6.322646617889404
ANET,6.311886787414551
EPC,6.303324222564697
GPK,6.299658298492432
JBL,6.268394470214844
ASAI,6.2557373046875
CLX,6.198245525360107
XIN,6.197277545928955
SQNS,6.181868553161621
VYX,6.170416355133057
NGL,6.1702094078063965
FND,6.160338401794434
WH,6.159709453582764
GOTU,6.157957553863525
QSR,6.156130313873291
BOWL,6.1381001472473145
SCI,6.136813640594482
UBER,6.1278486251831055
YALA,6.108266830444336
MRC,6.103382110595703
MO,6.103145599365234
CHWY,6.086117267608643
GLOB,6.069896697998047
ECAT,6.069637298583984
ORCL,6.0594162940979
LVS,6.055870532989502
SAP,6.054811000823975
PVH,6.049890041351318
AMZN,6.047133445739746
LNG,6.029937267303467
MPX,6.027952194213867
KODK,6.025883197784424
CAKE,6.024214744567871
AVY,6.020137786865234
JBI,6.006160259246826
WTS,5.993294715881348
HOG,5.98557710647583
AMP,5.963181972503662
AMCR,5.938631534576416
HMC,5.887938976287842
EL,5.8873138427734375
DY,5.88214635848999
PM,5.872045516967773
SYY,5.8364081382751465
PHM,5.828000068664551
IHG,5.817219257354736
CLS,5.7992939949035645
STK,5.79445219039917
NOW,5.739887237548828
AEG,5.736802101135254
TWN,5.730521202087402
NOK,5.696259021759033
ALV,5.691964626312256
PK,5.676321983337402
COR,5.670877456665039
DCF,5.6664628982543945
HLIO,5.657301902770996
HXL,5.650559902191162
GFR,5.638424396514893
ARW,5.628074169158936
CCK,5.6258463859558105
STE,5.623884201049805
MGA,5.61175537109375
A,5.602381706237793
TRU,5.595120906829834
GRBK,5.592367172241211
WTI,5.580676555633545
MTN,5.576210498809815
FUN,5.574919700622559
RKT,5.566361904144287
AZO,5.556637287139893
ADNT,5.500364303588867
STM,5.479764938354492
SLGN,5.4671711921691895
THR,5.459324359893799
SGHC,5.458798408508301
SNX,5.4563398361206055
HLF,5.449502944946289
ACV,5.428719997406006
ATGE,5.417482376098633
XOM,5.4079203605651855
IBM,5.4065470695495605
TIXT,5.385591506958008
WHR,5.380733013153076
GRMN,5.3790283203125
PAYC,5.377668380737305
UTI,5.3764238357543945
IGT,5.338791847229004
CYD,5.331361770629883
DHI,5.330317974090576
RCL,5.312716007232666
TM,5.30504322052002
LBRT,5.302717208862305
TRAK,5.301759719848633
LITB,5.299682140350342
AROC,5.295181751251221
EVRI,5.292603015899658
GWW,5.279290199279785
TSM,5.269908428192139
TDC,5.250213623046875
GM,5.226626873016357
INTC,5.22427225112915
BALL,5.214264869689941
AIO,5.203252792358398
GHG,5.185641288757324
CDRE,5.183776378631592
UTZ,5.169808864593506
BCAT,5.16888427734375
SU,5.155403137207031
TPL,5.137796401977539
V,5.132587909698486
PARR,5.106515884399414
RACE,5.106118202209473
ADX,5.105240821838379
DXC,5.0924177169799805
NYC,5.085453987121582
CEIX,5.076545238494873
NOMD,5.070241928100586
SE,5.067862987518311
MHO,5.063762187957764
FN,5.061246395111084
XFLT,5.059348583221436
BMI,5.045280933380127
F,5.039542675018311
BST,5.03855037689209
FDS,5.036521911621094
MTH,5.034135341644287
HZO,5.033934116363525
OI,5.020771026611328
CATO,5.018543243408203
USA,5.017333030700684
DNOW,5.011731624603272
GB,5.006278991699219
TCS,5.0026021003723145
AMPS,4.993520736694336
MFG,4.98161506652832
PDS,4.972002506256104
DT,4.960357189178467
KMB,4.9520792961120605
RNG,4.947798252105713
CVX,4.9429450035095215
DK,4.930058479309082
BNED,4.928634166717529
EQNR,4.920992374420166
BFAM,4.909852981567383
APAM,4.909212112426758
AAP,4.888351917266846
TOL,4.88833475112915
EPAM,4.873905658721924
CRM,4.873415946960449
TYL,4.850012302398682
JKS,4.849198341369629
FTHY,4.833163738250732
HPE,4.828427791595459
LEN,4.82676887512207
NRP,4.811604499816895
PAGS,4.811408996582031
SONY,4.809145450592041
DDL,4.804399490356445
ONTO,4.803012371063232
RH,4.796743869781494
CVI,4.79526424407959
PRU,4.785678386688232
DQ,4.781555652618408
FI,4.771758556365967
ATEN,4.760522365570068
SDHY,4.75924015045166
ASG,4.744682312011719
WEX,4.725446224212647
GAM,4.724025726318359
TBB,4.71367073059082
TPR,4.690847873687744
BLD,4.684597015380859
JBT,4.678618431091309
IFN,4.676966190338135
KBH,4.675842761993408
DV,4.673925876617432
TMHC,4.669280529022217
IIF,4.667725086212158
RSF,4.666455268859863
DLY,4.664212226867676
NOG,4.662133693695068
VSH,4.6565842628479
CAG,4.652132511138916
HOV,4.637411594390869
PLTR,4.634586811065674
GWRE,4.632786750793457
KEYS,4.63107442855835
CPB,4.625134944915772
DHX,4.623020172119141
EOI,4.614881038665772
DDS,4.613729953765869
CII,4.610476493835449
H,4.608318328857422
CTS,4.5936198234558105
MNSO,4.58775520324707
WWW,4.580242156982422
IH,4.5731706619262695
FFA,4.571985244750977
DKL,4.570172309875488
NAT,4.568595409393311
JCE,4.564213752746582
PVL,4.56292724609375
COP,4.552465915679932
MKC,4.551036834716797
YRD,4.549824237823486
CCRD,4.539389610290527
CRC,4.537210941314697
KTB,4.531564235687256
TPH,4.53060245513916
YEXT,4.529696941375732
CQP,4.523299217224121
JOF,4.521474361419678
BRCC,4.504584312438965
MTR,4.493723392486572
ETV,4.492545127868652
ZTR,4.485128402709961
VPG,4.48362922668457
CIEN,4.481634140014648
RFMZ,4.479231834411621
HGLB,4.47187614440918
RRC,4.466914653778076
PSFE,4.4591217041015625
SWI,4.456916809082031
DAY,4.448439121246338
HLI,4.447261810302734
SPXX,4.437704563140869
WIT,4.436744213104248
CUK,4.426555633544922
CCL,4.426555633544922
IBP,4.407101154327393
EEA,4.402646541595459
ET,4.387919425964356
RMI,4.383331775665283
MET,4.377985000610352
FSS,4.37242603302002
ETB,4.366484642028809
BZH,4.365037441253662
BSTZ,4.363205432891846
TDW,4.350940227508545
BILL,4.347442626953125
LGI,4.333611965179443
LDP,4.33117151260376
EQS,4.321114540100098
HGV,4.304263114929199
CNS,4.289685249328613
ROG,4.282086849212647
CPRI,4.28141450881958
RMD,4.277034282684326
ETW,4.273049354553223
MOV,4.272714138031006
SWZ,4.271143436431885
INFY,4.263237953186035
MCD,4.256711959838867
RMT,4.25120210647583
ALIT,4.245081424713135
HLT,4.241109848022461
SOR,4.230893611907959
BALY,4.230673313140869
DVN,4.226823329925537
TY,4.226294994354248
EDF,4.213855266571045
PRO,4.203995704650879
EGY,4.203431129455566
AIN,4.201005458831787
SHOP,4.1945624351501465
PRKS,4.192060947418213
RRX,4.189708709716797
USFD,4.189291000366211
GF,4.173580646514893
DIN,4.169668197631836
GIL,4.168115139007568
BGY,4.165533542633057
GGT,4.165441036224365
BOE,4.164120197296143
NIE,4.152212142944336
ETJ,4.147736072540283
TDOC,4.137675285339356
TV,4.13578462600708
NKE,4.13368034362793
FIGS,4.13355016708374
FT,4.128025531768799
SM,4.117958545684815
APO,4.10162353515625
GETR,4.101126194000244
AB,4.10101318359375
FRO,4.100232124328613
SPE,4.097411155700684
EMF,4.093460559844971
AWF,4.092869758605957
ECC,4.087298393249512
ECCC,4.087298393249512
PBR,4.083589553833008
UMC,4.079524040222168
SOL,4.079151153564453
WU,4.077961444854736
EICA,4.075867652893066
EIC,4.075867652893066
GAB,4.073492527008057
AGD,4.063697814941406
JRS,4.057177543640137
FLUT,4.04202127456665
ETY,4.040927886962891
BUR,4.035778522491455
MXF,4.026627540588379
CLDT,4.026556968688965
FGB,4.017817497253418
RFI,4.014957427978516
BGH,4.0064005851745605
MMC,4.005694389343262
BCS,4.00402307510376
FOF,4.000882148742676
PUMP,3.9951117038726807
MTG,3.993050575256348
ARDC,3.991632223129273
PHT,3.990660429000856
ESNT,3.987472534179688
XYF,3.985472679138184
IDE,3.985457420349121
CALX,3.984193563461304
NBR,3.982062578201294
VAC,3.978243589401245
DSU,3.973650932312012
GDV,3.972554445266724
TEI,3.97242283821106
ENFN,3.971567392349243
MSD,3.968314409255981
PFN,3.9677562713623047
HTGC,3.965663909912109
HYT,3.96511435508728
PHK,3.962703227996826
HYB,3.960897207260132
BMA,3.9589767456054688
BSIG,3.9588875770568848
RIV,3.95881462097168
VIST,3.957611799240112
MUFG,3.956150531768799
SNDR,3.955360412597656
FRA,3.953056573867798
EFT,3.9524905681610094
EXG,3.949666976928711
MAIN,3.948489427566528
BGT,3.946943759918213
MCN,3.946113109588623
IGR,3.945939064025879
NDMO,3.9459173679351807
AGM,3.9448554515838623
EDD,3.943578004837036
RQI,3.938286542892456
PFL,3.9343748092651367
KIO,3.9341328144073486
BIGZ,3.933870553970337
NOVA,3.9335901737213135
KNSL,3.930713176727295
GHY,3.9274864196777344
NVRO,3.924384117126465
JGH,3.923406839370728
JPC,3.91953444480896
BGX,3.917335748672485
AMTD,3.916325569152832
OCFT,3.916219711303711
EFR,3.912411212921143
RAMP,3.910792350769043
MPV,3.909810781478882
ASGI,3.907947540283203
BSL,3.9055540561676025
HPF,3.904151439666748
BB,3.9031050205230713
FCT,3.902850866317749
MCI,3.902193069458008
YETI,3.901535987854004
PTY,3.9008193016052246
HPS,3.900626420974731
DESP,3.900401592254639
HPI,3.9001636505126953
ETG,3.89956259727478
BDJ,3.8928263187408447
BSM,3.8912742137908936
EMO,3.891133546829224
IHD,3.8871235847473145
FINV,3.88635778427124
PCN,3.880801200866699
JPI,3.880506992340088
SMFG,3.87652325630188
EVF,3.876230955123901
CHN,3.8729941844940186
BGB,3.872297763824463
KN,3.8700063228607178
DHF,3.866090297698975
GOF,3.864412784576416
BFAC,3.862110137939453
PCF,3.858703851699829
PHD,3.8564486503601074
PAI,3.8511416912078857
EMD,3.8489327430725098
SCD,3.843130826950073
RDN,3.843130588531494
BLW,3.839125871658325
ETO,3.838040351867676
EC,3.8374454975128174
ISD,3.834113597869873
TPZ,3.833422899246216
OPP,3.831798076629639
STEW,3.830944538116455
SMAR,3.830892324447632
HYI,3.827160596847534
RA,3.826664447784424
KF,3.8225409984588623
NTZ,3.822538137435913
RNP,3.821889162063599
JFR,3.821706533432007
TAP,3.8213703632354736
BTZ,3.820437669754028
HEQ,3.8147473335266113
MSCI,3.812041759490967
PBH,3.810216426849365
EHI,3.810145378112793
JQC,3.810112953186035
BRO,3.809042692184448
EVR,3.802170991897583
DIAX,3.7995314598083496
TSI,3.797269344329834
CLVT,3.793730974197388
BBN,3.792050838470459
PYN,3.790097951889038
MUA,3.7892606258392334
NFJ,3.789048671722412
GGZ,3.787898540496826
VVR,3.787518262863159
TSLX,3.785323619842529
RLI,3.7816879749298096
PNI,3.7806570529937744
VFC,3.779964208602905
GNT,3.778958320617676
EVG,3.772571325302124
IGA,3.770465850830078
UBS,3.769361734390259
EOD,3.767627239227295
JEQ,3.766909599304199
RNR,3.762738943099976
PNF,3.762645959854126
HIO,3.761695623397827
KKR,3.7603721618652335
WEA,3.759699821472168
KAR,3.759629726409912
HQH,3.759289026260376
SPGI,3.755686283111572
BUI,3.753694772720337
NOAH,3.7519264221191406
IGD,3.7462637424468994
DSL,3.7452919483184814
AGO,3.7437124252319336
THW,3.742318868637085
ING,3.74004864692688
VLT,3.739482164382935
WTM,3.739436864852905
OBDC,3.73904061317444
HQL,3.7388508319854736
PMX,3.7378487586975098
PDI,3.7355527877807617
PML,3.7347512245178223
ACP,3.734180688858032
EG,3.730358123779297
SAN,3.728939294815064
PPT,3.727559804916382
PCQ,3.724360466003418
CTO,3.7238152027130127
BHK,3.723493814468384
JRI,3.7218174934387207
PCK,3.721730709075928
PMF,3.721275329589844
GSBD,3.7178523540496826
MFC,3.7162253856658936
DMO,3.716096162796021
IAE,3.715766906738281
CM,3.713797092437744
LYG,3.712225914001465
CIF,3.7121078968048096
NWG,3.712017059326172
BNS,3.7116215229034415
CWAN,3.710750579833984
NXN,3.709900140762329
GFF,3.702401161193848
HCI,3.701936721801758
JLS,3.6999435424804688
PZC,3.699721336364746
PGR,3.698364973068237
NXC,3.6963491439819336
DB,3.69551134109497
NNY,3.692629814147949
AVAL,3.692169189453125
NCA,3.6908769607543945
DMA,3.690392255783081
PGP,3.689666748046875
BTA,3.683028221130371
BCSF,3.6812241077423096
RCS,3.680208683013916
GNE,3.680121660232544
IHTA,3.679957628250122
VKQ,3.677917957305908
TD,3.67765212059021
VCV,3.676791191101074
IQI,3.674885511398315
VGM,3.670928478240967
BBDC,3.670248508453369
CION,3.669190168380737
TTP,3.6660525798797607
RY,3.664270639419556
VMO,3.663776636123657
OIA,3.663012742996216
IIM,3.6612374782562256
INSI,3.660391807556152
WRB,3.660374164581299
DBL,3.660044431686402
AFL,3.658630847930908
BRW,3.658483266830444
MMT,3.657458066940308
BOH,3.654764175415039
HIX,3.654249668121338
ENV,3.6540603637695312
CB,3.65317964553833
FSK,3.65275502204895
PRI,3.6504738330841056
THQ,3.649627447128296
BMO,3.6491787433624254
RMM,3.6476247310638414
KYN,3.647048950195313
FEI,3.644420623779297
EXPR,3.644420623779297
AEL,3.644420623779297
NRUC,3.644420623779297
AQNU,3.644420623779297
WRK,3.644420623779297
CCZ,3.644420623779297
CNDB,3.644420623779297
GPJA,3.644420623779297
CVII,3.644420623779297
PEAK,3.644420623779297
MFD,3.644420623779297
AIF,3.644420623779297
GJR,3.644420623779297
CTDD,3.644420623779297
VLD,3.644420623779297
AIZN,3.644420623779297
SCX,3.644420623779297
PNM,3.644420623779297
FSD,3.644420623779297
OCN,3.644420623779297
PFH,3.644420623779297
ICD,3.644420623779297
TFSA,3.644420623779297
DTB,3.644420623779297
SOJE,3.644420623779297
ALLG,3.644420623779297
AIU,3.644420623779297
ECCX,3.644420623779297
GJO,3.644420623779297
KTH,3.644420623779297
ETRN,3.644420623779297
BNJ,3.644420623779297
DOOR,3.644420623779297
JT,3.644420623779297
FATH,3.644420623779297
BIPI,3.644420623779297
TNP,3.644420623779297
NTCO,3.644420623779297
AJXA,3.644420623779297
AMK,3.644420623779297
CPE,3.644420623779297
PXD,3.644420623779297
MIXT,3.644420623779297
AYX,3.644420623779297
FLT,3.644420623779297
TVC,3.644420623779297
BODY,3.644420623779297
SREA,3.644420623779297
BMEZ,3.644420623779297
ENO,3.644420623779297
ERF,3.644420623779297
HTY,3.644420623779297
GJP,3.644420623779297
CTBB,3.644420623779297
BNRE,3.644420623779297
PGTI,3.644420623779297
NSS,3.644420623779297
AFT,3.644420623779297
CZOO,3.644420623779297
EURN,3.644420623779297
RFM,3.644420623779297
EMP,3.644420623779297
QVCD,3.644420623779297
QVCC,3.644420623779297
SEAS,3.644420623779297
DDT,3.644420623779297
GJT,3.644420623779297
SOJC,3.644420623779297
UZD,3.644420623779297
DUKB,3.644420623779297
RCC,3.644420623779297
TMST,3.644420623779297
FAM,3.644420623779297
GJS,3.644420623779297
TVE,3.644420623779297
CPG,3.644420623779297
TBC,3.644420623779297
MGR,3.644420623779297
AFGB,3.644420623779297
CBH,3.644420623779297
HCXY,3.644420623779297
BOND,3.644420623779297
SOI,3.644420623779297
BNH,3.644420623779297
AFGE,3.644420623779297
KAMN,3.644420623779297
ELC,3.644420623779297
AQNB,3.644420623779297
MGRB,3.644420623779297
DTW,3.644420623779297
MHNC,3.644420623779297
CMSC,3.644420623779297
AFGD,3.644420623779297
SBOW,3.644420623779297
CEM,3.644420623779297
RZB,3.644420623779297
VIAO,3.644420623779297
TARO,3.644420623779297
JBK,3.644420623779297
LL,3.644420623779297
ECCW,3.644420623779297
NS,3.644420623779297
PYT,3.644420623779297
CTR,3.644420623779297
FPL,3.644420623779297
DTG,3.644420623779297
SOJD,3.644420623779297
SMLP,3.644420623779297
LEJU,3.644420623779297
FIF,3.644420623779297
OSG,3.644420623779297
CMSD,3.644420623779297
MTBL,3.644420623779297
TGH,3.644420623779297
AGTI,3.644420623779297
CBD,3.644420623779297
ARGD,3.644420623779297
MHLA,3.644420623779297
BIG,3.644420623779297
ENJ,3.644420623779297
EAI,3.644420623779297
AESC,3.644420623779297
MODN,3.644420623779297
CANO,3.644420623779297
ALCC,3.644420623779297
CPTK,3.644420623779297
UZE,3.644420623779297
TUP,3.644420623779297
EGLE,3.644420623779297
FCRX,3.644420623779297
ECCV,3.644420623779297
BEPH,3.644420623779297
CNHI,3.644420623779297
NVTA,3.644420623779297
RCB,3.644420623779297
APCA,3.644420623779297
DRQ,3.644420623779297
BIPH,3.644420623779297
BEPI,3.644420623779297
BFX,3.644420623779297
FSR,3.644420623779297
GJH,3.644420623779297
CMSA,3.644420623779297
CUBB,3.644420623779297
UNMA,3.644420623779297
AIRC,3.644420623779297
BWNB,3.644420623779297
GPS,3.644420623779297
FLME,3.644420623779297
KTN,3.644420623779297
CDAY,3.644420623779297
SBBA,3.644420623779297
CURO,3.644420623779297
SLCA,3.644420623779297
PRS,3.644420623779297
AEFC,3.644420623779297
AFGC,3.644420623779297
MFV,3.644420623779297
MDC,3.644420623779297
SIX,3.644420623779297
DSTX,3.644420623779297
BWSN,3.644420623779297
BGR,3.641170263290405
ARES,3.640932083129883
DMB,3.639899730682373
VTN,3.6382899284362793
GL,3.637345790863037
JHI,3.636541366577149
NMR,3.636108636856079
HSBC,3.634825229644776
PSF,3.634300947189331
BX,3.633963108062744
CNX,3.631860256195069
LDI,3.6311652660369873
GHI,3.6303207874298096
MKL,3.628106355667114
HIG,3.6278836727142334
JMM,3.627324342727661
NRK,3.6269495487213135
LPL,3.624927282333374
CNO,3.623298168182373
NXP,3.621030569076538
NBB,3.619781017303467
WF,3.619409322738648
MCR,3.619273662567138
PCM,3.61876392364502
NAN,3.617035388946533
VBF,3.613973379135132
RVT,3.611848831176758
EOT,3.611318826675415
MED,3.610606670379639
PIPR,3.610353946685791
RL,3.608174562454224
GBAB,3.6080172061920166
NQP,3.607175827026367
NXJ,3.606157064437866
CPF,3.605910301208496
BBVA,3.6056840419769287
BLK,3.604792594909668
MVF,3.6043760776519775
EIG,3.604206562042236
NKX,3.60037899017334
BDC,3.600360155105591
EGF,3.5980336666107178
MUE,3.597163200378418
AGS,3.595156192779541
SPNT,3.594829797744751
AC,3.593967199325561
TNL,3.5931782722473145
UVE,3.5923123359680176
AFG,3.589331150054932
NAZ,3.588390588760376
NAC,3.588336944580078
PMO,3.5869858264923096
VGI,3.582556962966919
AXP,3.5825324058532715
NTB,3.5810704231262207
SUPV,3.579599618911743
BKT,3.578926086425781
BME,3.5782532691955566
SLF,3.5779199600219727
DTF,3.576235055923462
ALLY,3.574312925338745
ASA,3.5738563537597656
CFR,3.5737850666046143
BBAR,3.570812463760376
IGI,3.5706732273101807
VPV,3.568807363510132
OMF,3.568542718887329
ITUB,3.5684218406677246
GS,3.5684046745300293
PFLT,3.567840099334717
BSAC,3.5668303966522217
TRV,3.56628966331482
BKU,3.56388521194458
CMA,3.5627126693725586
NIM,3.562651395797729
TNC,3.562643051147461
ENVA,3.562469720840454
FBP,3.562152862548828
PJT,3.561632871627808
BRDG,3.5609164237976074
BLE,3.559939384460449
CUBI,3.558846235275269
AMG,3.558051824569702
COHR,3.5579957962036133
GDL,3.5556416511535645
BCH,3.553261041641236
GKOS,3.5530357360839844
AMD,3.5499017238616943
MIY,3.5496532917022705
NUW,3.548900365829468
AJG,3.5476958751678467
ORI,3.547210931777954
FHI,3.545537233352661
SRV,3.543473958969116
JHG,3.5430006980896
UNM,3.5426766872406006
MVT,3.5426149368286133
NYCB,3.542488813400269
MYI,3.54199767112732
SHG,3.541815280914306
AMTB,3.5411620140075684
MQY,3.541014671325684
PMM,3.5397074222564697
PKG,3.539370536804199
IX,3.5388479232788086
RJF,3.5385866165161133
NMI,3.53821325302124
BWG,3.537963628768921
HOMB,3.537892341613769
KEY,3.537004470825196
NUV,3.536879777908325
MIN,3.536189079284668
ENS,3.5351269245147705
KB,3.5349721908569336
BAP,3.5346343517303467
MYD,3.5346109867095947
JPM,3.5336716175079346
AX,3.5326263904571533
CNA,3.532118558883667
MMU,3.5315611362457275
SCHW,3.5305721759796143
HRTG,3.5300605297088623
DNB,3.529536724090576
LOB,3.529344081878662
GDO,3.529029130935669
DFS,3.528994083404541
STT,3.528799057006836
AIZ,3.5282881259918213
L,3.527161121368408
MUJ,3.526684761047364
BYM,3.525545120239258
MYN,3.524952411651612
SFBS,3.5246782302856445
ICE,3.523960828781128
MOGU,3.5234475135803223
USB,3.522404909133911
BHLB,3.5223634243011475
IBN,3.5212390422821045
MHD,3.521228790283203
WAL,3.521227598190308
KTF,3.520922899246216
MS,3.520774602890014
SNV,3.5197196006774902
BIT,3.5195467472076416
MQT,3.5192577838897705
SYF,3.516861915588379
CIB,3.515411853790283
BN,3.514254808425904
MPA,3.5137722492218018
KAI,3.5136830806732178
MHF,3.5132086277008057
AIG,3.5129852294921875
KSM,3.511649370193481
OFG,3.5106496810913086
BLX,3.510045528411865
BBDO,3.5100085735321045
BBD,3.5100085735321045
MUI,3.508633613586426
NTG,3.508062601089477
PNC,3.506953239440918
FNF,3.505898952484131
MCB,3.5053772926330566
BNY,3.5049889087677
HMN,3.5046708583831787
GNW,3.504477262496948
SCM,3.50372576713562
HDB,3.503614664077759
C,3.5024547576904297
BKN,3.500781536102295
CIA,3.5007669925689697
BAC,3.500335216522217
MHN,3.5003159046173096
BHV,3.4988605976104736
VEL,3.4975242614746094
NBHC,3.495125770568848
RGA,3.4951043128967285
GNTY,3.49506950378418
FCF,3.494560480117798
WFC,3.494422197341919
SF,3.4943935871124268
RF,3.493708372116089
AXS,3.493660688400269
EVN,3.493187427520752
CNDA,3.4911489486694336
MUC,3.49078369140625
FMY,3.4906270503997803
MCY,3.4903814792633057
STEL,3.490107774734497
CADE,3.489762306213379
BFZ,3.488783836364746
BY,3.488101005554199
MTB,3.4871230125427246
BTT,3.485689640045166
NPV,3.485286235809326
PB,3.485103368759156
WBS,3.4843742847442627
FHN,3.4834144115448
SMBK,3.482046127319336
NOM,3.481931686401367
ETX,3.481853723526001
MMD,3.481224775314331
CANG,3.4805078506469727
PUK,3.4797027111053467
DSM,3.479228973388672
BK,3.47887921333313
EQBK,3.478403091430664
SSB,3.4777987003326416
BSBR,3.474562168121338
FAF,3.474516153335572
FNB,3.473716735839844
FBK,3.472886562347412
GBLI,3.4723920822143555
COF,3.472172737121582
OBK,3.4715771675109863
AUB,3.4709787368774414
GBCI,3.469960451126098
CBU,3.4698057174682617
SBI,3.4696929454803467
PFS,3.4685840606689453
NCZ,3.4667553901672363
RM,3.4665682315826416
CNF,3.465551853179932
FMN,3.464929819107056
CFG,3.464363813400269
ASB,3.461913824081421
RNST,3.4604272842407227
FINS,3.4578192234039307
NMS,3.4575369358062744
NIC,3.457479238510132
BFK,3.455763578414917
W,3.4555020332336426
NCV,3.455460786819458
FFWM,3.4551570415496826
NMT,3.453553915023804
CXH,3.452255964279175
HTH,3.450817108154297
LSPD,3.4504122734069824
PEO,3.448462963104248
MAV,3.4469690322875977
DFP,3.4462242126464844
HLX,3.442523717880249
CXE,3.4405646324157715
STC,3.440376043319702
NNI,3.440279483795166
WD,3.4385323524475098
SAR,3.436797618865967
UTF,3.436277389526367
BTO,3.435392379760742
LC,3.435291290283203
EARN,3.4346609115600586
DOCN,3.430738925933838
SKX,3.429173707962036
GDOT,3.427340269088745
PIM,3.426929712295532
NAD,3.4268712997436523
THG,3.4234230518341064
ST,3.422914505004883
WHG,3.4220988750457764
BOOT,3.421938419342041
CMU,3.419473886489868
PFD,3.4194324016571045
LEO,3.4192111492156982
PFO,3.418205738067627
HIE,3.415769338607788
FLC,3.4141976833343506
HLLY,3.413665533065796
TFC,3.4127864837646484
AMBC,3.411320447921753
NVG,3.4086461067199707
NEA,3.407510042190552
LU,3.40566349029541
AOD,3.405470371246338
FFC,3.4037845134735107
GTN,3.398444652557373
NMZ,3.396258354187012
GCV,3.3945674896240234
ALL,3.392706632614136
GHLD,3.3911802768707275
MFM,3.3908636569976807
MGF,3.388890027999878
BBAI,3.386073112487793
JHS,3.3807475566864014
JEF,3.379056215286255
GRX,3.3775460720062256
WIW,3.3774168491363525
SKY,3.3749866485595703
DSAQ,3.371357679367065
NZF,3.3674561977386475
WIA,3.362156867980957
AFB,3.360265016555786
NOTE,3.360002517700196
PTA,3.3594751358032227
VNO,3.35522723197937
PRA,3.3539981842041016
QD,3.351722240447998
NET,3.3459744453430176
OPY,3.335371971130371
HFRO,3.334421157836914
MHI,3.333655595779419
APH,3.331777811050415
MC,3.331695556640625
SRL,3.3280978202819824
NDP,3.319720506668091
AVK,3.31801986694336
VRTS,3.317999124526977
CNQ,3.317066192626953
RVLV,3.316465139389038
BCX,3.31417202949524
ACEL,3.311354875564575
FPF,3.289475917816162
EVT,3.274667263031006
SOS,3.272118091583252
TWLO,3.2610747814178467
ACA,3.2557811737060547
WT,3.25411343574524
NMCO,3.233187675476074
KMPR,3.2318809032440186
TEAF,3.2238779067993164
MX,3.22314715385437
PNNT,3.197255849838257
USM,3.1965034008026123
SPRU,3.193075895309448
PFSI,3.192680835723877
BANC,3.183000564575196
BEN,3.16598916053772
TYG,3.1653428077697754
ML,3.163952350616455
MTDR,3.1621298789978027
ENLC,3.1440088748931885
BAK,3.1430044174194336
LRN,3.1407840251922607
SHEL,3.1397531032562256
BRFS,3.137878894805908
GPRK,3.133334159851074
NTST,3.1323952674865723
GUT,3.1253409385681152
AWP,3.1202852725982666
DELL,3.119919538497925
FIS,3.107914447784424
MBI,3.1072256565093994
TNK,3.106266021728516
TPVG,3.0958735942840576
GOOS,3.092734098434448
BHE,3.079505681991577
TRN,3.0671603679656982
TRGP,3.0666537284851074
PDT,3.0536696910858154
DNP,3.0534560680389404
UA,3.050667762756348
UAA,3.050667762756348
SWN,3.03255581855774
XPEV,3.030205726623535
GMS,3.0031583309173584
PSO,2.9990997314453125
DPG,2.9813501834869385
VGR,2.9793474674224854
HTD,2.9772958755493164
PD,2.9762439727783203
BLND,2.974862575531006
FSLY,2.9710538387298584
TKC,2.965921401977539
OKE,2.9573464393615723
ZUO,2.955462694168091
STNG,2.923654317855835
CHT,2.913580179214477
SABA,2.9132001399993896
SMP,2.9103572368621826
USAC,2.9059746265411377
MPLX,2.905071973800659
SLB,2.9039947986602783
VTLE,2.900209903717041
IDT,2.881103754043579
WOLF,2.871246337890625
LCII,2.858790636062622
MEI,2.8312666416168213
GOLF,2.827357292175293
CTRA,2.816246032714844
CCIF,2.8085415363311768
CCJ,2.802523136138916
MGY,2.8015007972717285
EPD,2.793528318405152
HAE,2.788674831390381
PGZ,2.7768301963806152
MXE,2.76431941986084
CNK,2.7609951496124268
TS,2.727567911148072
ETD,2.7184855937957764
CAF,2.7086217403411865
MDT,2.6986563205718994
OVV,2.6949501037597656
NYT,2.694662570953369
NVGS,2.686706781387329
SJM,2.6723575592041016
RYI,2.672351121902466
BEST,2.667123794555664
VSTO,2.662041425704956
IVT,2.6538569927215576
RES,2.641934871673584
LAZ,2.621537208557129
HES,2.6170897483825684
LND,2.6122374534606934
LPG,2.6110339164733887
LMND,2.606492519378662
U,2.5917868614196777
RIG,2.5793707370758057
SRI,2.577900648117065
MUR,2.5605318546295166
WGO,2.539856195449829
SGU,2.520540475845337
WES,2.511265754699707
BWXT,2.505234241485596
HESM,2.502735137939453
CIVI,2.4847452640533447
DOMA,2.4831786155700684
TTE,2.4830117225646973
WHD,2.480271577835083
SD,2.477717399597168
INSW,2.474045991897583
NXG,2.464580535888672
PACK,2.4562575817108154
PLOW,2.446274757385254
DHT,2.429280996322632
TDS,2.426734447479248
EQT,2.4245028495788574
HIPO,2.423529863357544
AEM,2.4232449531555176
AZEK,2.422593832015991
EOG,2.421130418777466
OXY,2.412616729736328
MRO,2.412257194519043
NXE,2.412214517593384
EVC,2.40974497795105
PHX,2.407411575317383
PBA,2.384962320327759
BP,2.3766133785247803
E,2.361356258392334
NOA,2.353613376617432
TK,2.343744993209839
AHT,2.337053298950196
NOV,2.331512212753296
DTM,2.33084774017334
NFG,2.3148462772369385
PR,2.314553022384644
EXPD,2.314277172088623
LXFR,2.307981252670288
WMB,2.306959867477417
DLNG,2.3046135902404785
KOS,2.2922463417053223
KRP,2.291470766067505
MLR,2.290665864944458
TALO,2.2882080078125
ONTF,2.280674457550049
BTE,2.278573751449585
HP,2.273079395294189
WDS,2.260212182998657
GRNT,2.2536394596099854
KMI,2.235355854034424
ENB,2.235081911087036
GDDY,2.224822998046875
GEL,2.208746671676636
CRK,2.197916984558105
CLB,2.1976163387298584
TGS,2.19006085395813
ASGN,2.1866939067840576
FLNG,2.1841959953308105
TRP,2.183175802230835
KNTK,2.179593801498413
AON,2.171769142150879
TKO,2.1707913875579834
NX,2.1664559841156006
BORR,2.164646625518799
AR,2.161820650100708
OIS,2.158244609832764
NIO,2.1482982635498047
STR,2.134141445159912
CRGY,2.1269097328186035
QTWO,2.1226484775543213
UNFI,2.1210837364196777
PRMW,2.12023401260376
FTI,2.095698118209839
HPQ,2.087449073791504
NGS,2.0661275386810303
NR,2.0151753425598145
UFI,2.0125296115875244
LPX,2.0106115341186523
IVZ,2.002021074295044
ELAN,2.001259088516236
FET,1.999007225036621
EFXT,1.9713754653930664
CABO,1.9612832069396973
TTI,1.9544782638549805
AP,1.9483885765075684
FRGE,1.9430053234100344
JELD,1.9367048740386963
AI,1.9308207035064693
VET,1.9205012321472168
MIR,1.9187402725219729
WK,1.9039406776428225
DOUG,1.8998053073883057
SSTK,1.8977208137512207
PRT,1.8793177604675293
NC,1.877500295639038
CNM,1.8774397373199463
CL,1.8646221160888672
MSGS,1.840154409408569
ETWO,1.828975200653076
CVNA,1.824967622756958
SBH,1.8070521354675293
BKSY,1.791179656982422
ECVT,1.7851178646087646
TME,1.783229112625122
FNA,1.7496485710144043
KUKE,1.7433781623840332
BG,1.7200262546539309
TLK,1.7129034996032717
VMI,1.712139368057251
CBT,1.7106890678405762
TGNA,1.6896400451660156
KMT,1.6793360710144043
EEX,1.6686830520629885
ATHM,1.6676292419433594
SMHI,1.6614022254943848
BARK,1.6266193389892578
YELP,1.6077501773834229
CRI,1.597585916519165
TDF,1.5831530094146729
UAN,1.5609169006347656
WCC,1.5403673648834229
OEC,1.5305222272872925
FDP,1.4897193908691406
IONQ,1.4859682321548462
GCI,1.4731216430664062
HAL,1.468693494796753
TWI,1.455986261367798
BTU,1.4539649486541748
FVRR,1.4494072198867798
RVTY,1.449230670928955
CRH,1.4458346366882324
AU,1.441807508468628
PHR,1.4385018348693848
CSTM,1.4352903366088867
EBS,1.4201855659484863
BTCM,1.4200972318649292
QS,1.4165995121002195
NINE,1.4113987684249878
COTY,1.4105124473571775
KOP,1.3991084098815918
WTTR,1.3961787223815918
DINO,1.3951594829559326
CEPU,1.3648964166641235
TIMB,1.3553487062454224
FENG,1.349780797958374
HUYA,1.3421533107757568
DDD,1.334747076034546
PINS,1.3308875560760498
ITGR,1.3198068141937256
CTV,1.319681167602539
FTV,1.31689715385437
SNAP,1.3145170211791992
VIV,1.2863274812698364
SKIL,1.2770700454711914
EDR,1.2696762084960938
HMY,1.2660748958587646
CMP,1.2660298347473145
PHI,1.2616147994995115
NMG,1.2592061758041382
AMX,1.2591338157653809
MANU,1.2590723037719729
MKFG,1.2576279640197754
SPOT,1.2517187595367432
IPG,1.2450100183486938
OMC,1.2448599338531494
WAT,1.2439935207366943
PPG,1.2165241241455078
CC,1.2151259183883667
WPP,1.2141128778457642
BCE,1.207918405532837
CW,1.2016339302062988
SAM,1.2014713287353516
T,1.2012650966644287
SKM,1.1969538927078247
DIS,1.1910111904144287
OLN,1.1823961734771729
RCI,1.180995225906372
ORAN,1.1803889274597168
VZ,1.171954870223999
SKLZ,1.1635849475860596
BRC,1.1606779098510742
SPHR,1.154561996459961
EXK,1.1411967277526855
MCS,1.1395936012268066
TU,1.1378482580184937
KT,1.1374109983444214
AVNS,1.1328165531158447
RYAM,1.123261332511902
GETY,1.11642587184906
CMCM,1.1130926609039309
NEXA,1.1124612092971802
SII,1.1104679107666016
AA,1.10111665725708
TEF,1.097981572151184
MT,1.095584511756897
FSM,1.0845134258270264
JHX,1.0778555870056152
TEO,1.076038122177124
WLYB,1.0743366479873655
WLY,1.0743366479873655
AMC,1.0402278900146484
NRDY,1.03516685962677
SUP,1.0128252506256104
TSN,1.0106985569000244
ENOV,0.967618763446808
SID,0.9590153694152832
DNMR,0.9578978419303894
SBSW,0.9461203813552856
HL,0.9383650422096252
PKX,0.9353972673416138
PAR,0.9298490285873412
SITE,0.928922176361084
CCO,0.9076059460639954
IFF,0.8930072784423828
WMK,0.8846249580383301
FUBO,0.8825055360794067
CDE,0.8662632703781128
TEX,0.8628910183906555
USPH,0.850501298904419
POST,0.844129204750061
NEM,0.8305652737617493
B,0.8234786987304688
ASIX,0.7973489761352539
WOW,0.7933223247528076
MSA,0.76434326171875
DOW,0.7431540489196777
AMWL,0.7392988204956055
X,0.7329227924346924
GENI,0.7026633024215698
IMAX,0.6876535415649414
NGVT,0.6625546216964722
GNRC,0.6559264659881592
AVD,0.6503315567970276
TFX,0.6041916608810425
ODC,0.5997359156608582
GRC,0.5730897784233093
QBTS,0.5433207154273987
FNV,0.5199841260910034
LOMA,0.502185583114624
AVNT,0.4948061108589172
RIO,0.4892582893371582
ICL,0.4663822650909424
DAO,0.4560625553131103
HBM,0.4105396866798401
XHR,0.3964921534061432
ALC,0.3950359225273132
AGRO,0.3578499257564544
EMN,0.3576325178146362
RBOT,0.3573700487613678
IR,0.34959876537323
BUD,0.3364112377166748
ACHR,0.3223248422145843
DM,0.2930792272090912
BRBR,0.2728607952594757
SSL,0.2440338730812072
ADCT,0.235072374343872
KMX,0.2344180941581726
BHIL,0.1812043190002441
GLT,0.1250436902046203
OWLT,0.1195590496063232
BHP,0.1043131351470947
NUS,0.0510302186012268
CTVA,0.0291668772697448
MAX,0.0138737559318542
CE,0.0096119046211242
BVN,0.0023404359817504
RNGR,-0.0280759334564209
JMIA,-0.0352867245674133
NVST,-0.1135021448135376
DTC,-0.1676502823829651
MUX,-0.1678447723388672
CX,-0.1991696953773498
LVWR,-0.2219192385673523
DSX,-0.229641318321228
DRD,-0.3395493626594543
AZZ,-0.3525823950767517
ALUR,-0.4172700047492981
TPB,-0.4332876801490783
HBB,-0.4435719847679138
ODV,-0.465739905834198
OUST,-0.4681972861289978
CPAC,-0.5237026810646057
NTR,-0.5511338114738464
GME,-0.5663600564002991
RYN,-0.6049506068229675
GIC,-0.6120015978813171
LYB,-0.616962730884552
MOS,-0.6447035670280457
CHPT,-0.6786515116691589
DAR,-0.7086325287818909
ECL,-0.711595356464386
CHGG,-0.7788309454917908
PFGC,-0.8278482556343079
DNA,-0.8282691836357117
LYV,-0.8793174624443054
EVA,-0.9232388138771056
ZEPP,-0.9705323576927184
AEVA,-1.0116660594940186
BTI,-1.130231857299805
MEC,-1.275315761566162
CTLT,-1.2827401161193848
USNA,-1.3175020217895508
SMG,-1.356299638748169
FUL,-1.3795382976531982
CLF,-1.5088858604431152
CGA,-1.535292387008667
INGR,-1.5934906005859375
EXP,-1.7059316635131836
SHAK,-1.7497246265411377
RLX,-1.7857444286346436
TR,-1.7915644645690918
MYTE,-2.0302298069000244
TSE,-2.2148900032043457
SHW,-2.2424862384796143
MATV,-2.2446086406707764
ALB,-2.264040231704712
SPB,-2.343277931213379
SJT,-2.4685721397399902
WFG,-2.5474958419799805
SXC,-2.5598607063293457
EVTL,-2.6057446002960205
IAG,-2.773386716842652
TGLS,-3.005491018295288
TREX,-3.0107462406158447
PAAS,-3.0619213581085205
AGI,-3.2802908420562744
RFL,-3.5448765754699707
MSC,-3.621243953704834
ANVS,-3.862478733062744
CCU,-3.9957895278930655
HIMS,-4.635464191436768
TROX,-4.718202590942383
SST,-4.80828857421875
UVV,-4.82763147354126
ALTM,-4.853341579437256
FMX,-5.0064616203308105
AMR,-5.464095592498779
WNC,-5.576502323150635
PDO,-6.116832733154297
ARCH,-6.14975118637085
BEDU,-6.735653400421143
OR,-7.00752067565918
FEDU,-7.089629650115967
MP,-7.17062520980835
TECK,-7.379464626312256
SAND,-7.464237689971924
AXTA,-7.579111576080322
RCUS,-7.611860752105713
HUN,-7.630998134613037
BFLY,-7.67750883102417
TAL,-7.794357776641846
CGAU,-7.860488414764404
QGEN,-8.040830612182617
GWH,-8.52462100982666
FCX,-8.758865356445312
BGS,-9.053627014160156
BKE,-9.611918449401855
RPM,-9.620949745178224
SCCO,-10.078060150146484
CINT,-11.009151458740234
MSM,-12.09043312072754
NEU,-12.432379722595217
SUZ,-12.65886116027832
ERO,-12.698720932006836
ENZ,-12.826152801513672
CLW,-13.014524459838867
WPM,-13.115727424621582
KRO,-13.131263732910156
KGC,-14.03081226348877
EGO,-14.542892456054688
SQM,-14.67153263092041
GOLD,-14.926087379455566
APD,-15.929551124572754
VHI,-15.945807456970217
WLK,-16.083553314208984
MTX,-16.32533836364746
CNMD,-16.366670608520508
GFI,-16.556638717651367
HCC,-16.742399215698242
CLH,-17.148387908935547
PBT,-18.43864250183105
SCL,-18.634729385375977
SUM,-18.75856208801269
AG,-18.9281005859375
FMC,-19.033620834350582
DD,-19.08191680908203
HYLN,-19.21543502807617
GGB,-19.66204643249512
LXU,-20.248146057128903
ASH,-20.5689697265625
BCC,-20.80980491638184
FF,-20.84952163696289
CF,-20.937639236450195
IPI,-21.506303787231445
KWR,-21.536291122436523
WLKP,-22.04747200012207
TX,-23.135910034179688
ESI,-23.26353073120117
VMC,-23.564098358154297
SA,-24.28026390075684
SBR,-24.464807510375977
COUR,-24.61764335632324
MTRN,-24.63458251953125
SSD,-24.67180824279785
GATO,-25.78447532653809
YSG,-25.864261627197266
NUE,-26.027183532714844
SXT,-26.698047637939453
MLM,-27.629329681396484
RS,-27.759424209594727
YPF,-31.7578353881836
CMC,-32.59074401855469
NUVB,-33.1987190246582
REX,-33.922088623046875
SPCE,-45.61348342895508
JOBY,-81.58282470703125
NRT,-86.18795013427734
