Q,year,sector,Profit_Margin,Asset_Turnover,Financial_Leverage,ROA,ROE,RNOA,NOAT,NOPM,Percent_Growth
Q1,22,7,0.0,0.0,1.3036303630363035,0.0,-0.2918958562522919,-0.6916923076923077,0.0,0.0,-48.64864995481323
Q3,22,2,0.0,0.0,1.4200724054706355,0.0,-0.37095736122284795,-1.0821725059800198,0.0,0.0,-55.367231638418076
Q1,21,1,0.0,0.0,-0.9869173259489493,0.0,0.1023611652372096,-0.0,-0.0,0.0,-2.4939024827538545
Q3,22,8,0.0,0.0,-0.15040399907734323,0.0,0.3848497399555845,-0.0,-0.0526482157564739,0.0,-65.21739295484858
Q1,21,9,0.0,0.0,1.3774675294514538,0.0,-0.01567484715068339,-0.15775916153079678,0.0,0.0,-46.57534246575342
Q2,22,8,0.0,0.0,1.1183834098230339,0.0,0.032242372983190756,-0.15748973166512012,0.0,0.0,-46.39920344788547
FY,21,0,0.0,0.0,2.506730760991577,0.0,0.0718319152035509,0.0,0.0,0.0,-2.448326662398003
Q2,22,9,0.0,0.0,-0.04229765592566194,0.0,0.12871802554778217,0.10186866714899208,-0.0,0.0,-97.66666673951678
Q1,22,9,0.0,0.0,1.29654298397315,0.0,0.0686281719669958,0.0,0.0,0.0,-25.93000424485928
Q3,21,7,0.0,0.0,4.188390224499948,0.0,0.2910915875970811,0.0,0.0,0.0,15.050557825415952
FY,21,9,0.0,0.0,-0.10157362909159218,0.0,0.5221857829401544,-3.967076365878092,0.0,0.0,-90.35714268684387
Q3,21,11,0.0,0.0,3.34604555402481,0.0,0.9667970126298396,-0.9657667470629425,0.0,0.0,-79.9999992052714
FY,21,1,0.0,0.0,1.4401249949209145,0.0,0.1920818155561681,-0.2614494154065258,2.0826280336605616,-0.12553821958642583,-31.66666997803569
Q3,21,9,0.0,0.0,-0.3321639147264075,0.0,6.451595776902393,0.3931627515449804,-0.0,0.0,-64.04494273852195
Q3,21,8,0.0,0.0,-9.248025174896501,0.0,0.034834737036335786,-0.0,-0.0,0.0,-35.412471354989925
Q1,22,0,0.0,0.0,3.957284933425704,0.0,-0.33686051080798995,0.3604156029871487,-0.0,0.0,14.11252826665423
Q3,21,9,0.0,0.0,-6.094335449208803,0.0,6.978556024133204,0.6269332384727274,-0.0,0.0,-92.51968482283715
Q3,22,9,0.0,0.0,2.706981088022414,0.0,0.007237917347653514,-1.3263030303030303,4.896,-0.2708952267775797,-4.4725794901600935
Q3,21,2,0.0,0.0,-0.49110742293689014,0.0,-1.2999494185234248,0.6373573848345464,-0.24138889054854187,-2.6403757993426695,-71.4385232383633
FY,20,8,0.0,0.0,-9.624404048910115,0.0,0.3469883849085775,0.0,0.0,0.0,-7.962968473735235
Q3,21,7,0.0,0.0,-0.530661207827784,0.0,0.19544095442148046,0.0551115709648889,-0.0,0.0,-52.500002483526764
Q3,21,9,0.0,0.0,1.2491144933626335,0.0,-0.3098743428752432,-0.6164150187413439,0.0,0.0,-92.5925925925926
FY,21,7,0.0,0.0,0.0,0.0,0.0,0.0,0.0,0.0,1.9482054926383774
FY,21,2,0.0,0.0,5.563512442542399,0.0,1.5007132667617689,-4.691288081239978,0.0,0.0,0.006885716421006137
Q1,22,5,0.0,0.0,-1.1672889669814774,0.0,-0.16589794274837102,0.20679671555365703,-0.17926811903744838,-1.1535610272703203,-22.736028366758067
Q2,22,8,0.0,0.0,1.8417591003264202,0.0,-0.025211139764451208,-1.174147305889105,0.0,0.0,-46.15384394953229
FY,21,4,0.0,0.0,1.4866330662469387,0.0,-0.07899042824202786,-0.0,-7.542982812093398,0.0,45.09804379889626
Q2,22,1,0.0,0.0,2.1472954588576294,0.0,0.006743018466262705,0.0,0.0,0.0,-35.60574095384222
Q3,21,3,0.0,0.0,5.420614035087719,0.0,-0.09649122807017543,0.0,0.0,0.0,1.440322899201239
Q2,22,2,0.0,0.0,2.290272563328447,0.0,0.9800376314811384,-1.601096215074558,0.0,0.0,-59.50413307106468
Q3,21,4,0.0,0.0,1.562937062937063,0.0,0.0,-0.44205000690703133,0.5707970714187043,-0.7744433688286544,-15.920394764233084
Q3,21,11,0.0,0.0,0.0,0.0,0.0,0.0,0.0,-1.2184327915591198,-66.85082636409021
Q1,22,1,0.0,0.0,1.9419801711258997,0.0,-0.0038174239179264305,0.0,0.0,0.0,-84.27161862944986
FY,21,11,0.0,0.0,2.0708444181692776,0.0,0.10858212631786383,0.0,0.0,0.0,-12.828768101512313
Q3,21,1,0.0,0.0,26.55710306406685,0.0,-0.06128133704735376,-0.0,-33.0224358974359,0.0,-28.96064189564153
Q1,22,3,0.0,0.0,-0.0,0.0,0.02743494892597419,0.015035159642318045,-0.0,0.0,-69.05393436440322
FY,21,9,0.0,0.0,1.7087988527378497,0.0,0.1357371206959803,0.0,11.775904487841311,0.0,6.372096926666969
Q1,22,5,0.0,0.0,3.1034400557450397,0.0,-0.015146514101294604,-5.979788823420792,6.212469154454348,-0.9625462396273269,-51.35135074995183
Q3,21,8,0.0,0.0,3.0656137235187257,0.0,-1.7176633199725195,5.83035185004197,-0.05083151186549666,-114.6995561625128,-83.57142860944174
Q3,21,6,0.0,0.0,2.0388824315343363,0.0,-0.34945592446153717,-3.7735578086239543,0.0,0.0,199900.0080326574
Q3,21,11,0.0,0.0,-0.5278651685393259,0.0,1.6970786516853933,1.1156743979908406,-0.0,0.0,-62.4637661519683
FY,21,0,0.0,0.0,2.945238750627439,0.0,-0.2407503359834194,-1.6513652866823971,0.0,0.0,-25.940300101664526
Q3,21,7,0.0,0.0,-0.0406436804992423,0.0,0.1709168378432597,0.12131579232082913,-0.0,0.0,27.272728504228205
FY,21,2,0.0,0.0,3.1832389138503614,0.0,-0.021766946669271342,-0.0,-0.0,0.0,1.9826578593008501
FY,21,2,0.0,0.0,2.1086796766555076,0.0,0.48077080101249287,-0.41227081839598484,0.0,0.0,-34.63550567558944
Q1,22,3,0.0,0.0,-0.0,0.0,0.02743494892597419,0.015035159642318045,-0.0,0.0,-69.05393436440322
Q3,21,8,0.0,0.0,4.062202327510282,0.0,-10.69634199522869,-3.3743982099481364,0.0,0.0,1.8749981839210066
Q3,21,0,0.0,0.0,-14.625712907058007,0.0,-0.12790686518421254,0.0,0.0,0.0,-1.0080683538370105
FY,21,7,0.0,0.0,2.718771548294701,0.0,0.07734047631676656,-6.317559300627541,0.0,0.0,31.21301161592207
FY,21,2,0.0,0.0,1.3771668923864058,0.0,0.03659723532055317,-1.086198454374129,0.0,0.0,-14.31510501480405
Q3,21,1,0.0,0.0,-0.18439605895197972,0.0,4.918341093116051,4.001734530731223,-0.0,0.0,-90.40947990891311
FY,21,8,0.0,0.0,1.3838197585640613,0.0,0.4241983347258636,0.0,0.0,0.0,-26.15774623846297
FY,21,2,0.0,0.0,1.3153288813233819,0.0,0.18654067187522733,-1.197117571824651,0.0,0.0,-53.208558058772034
Q1,22,6,0.0,0.0,1.3533478740120546,0.0,-0.052410629754573584,0.0,0.0,0.0,-5.882356034843122
Q3,22,2,0.0,0.0,2.2245590928734593,0.0,-0.033996666186487765,-5.305137026930834,0.0,0.0,-50.08410621188462
FY,21,3,0.0,0.0,1.2239076649612068,0.0,0.09490523888448511,-1.5467976813233424,0.0,0.0,7.692305404587412
FY,20,5,0.0,0.0,10.393450435691106,0.0,-20.688974650647605,11.182536265095182,-0.0,0.0,-90.61488674075544
Q3,21,3,0.0,0.0,171.51275389702408,0.0,-4.904581955597544,-0.0,-0.0,0.0,4.293192033753879
Q3,21,0,0.0,0.0,19.446899736147756,0.0,-0.4282102022867194,-0.1015817544042667,0.0,0.0,1.0162543317553772
Q3,21,7,0.0,0.0,-1.244552115516114,0.0,0.6856498280534856,3.178935947415566,-1.5267937120724675,-2.082099187519238,-74.13043465585024
Q3,22,6,0.0,0.0,1.5175475453165663,0.0,1.4133907485965111,0.0,0.9709671333018915,0.0,7.826807347786515
Q1,22,9,0.0,0.0,2.1852316515816828,0.0,0.06909221256384981,-0.209413083064855,0.0,0.0,-19.593040524743106
Q3,21,0,0.0,0.0,-32.89663302745833,0.0,0.1315681317210927,0.0,0.0,0.0,1.9038130538334843
Q3,21,2,0.0,0.0,1.642943412173178,0.0,0.17000607798075393,-0.7328129564372956,0.0,0.0,-51.666669978035685
Q3,21,3,0.0,0.0,21.52433646726017,0.0,-0.04001996838339296,0.0019498787913183775,-0.0,0.0,0.10101241684007806
Q1,22,5,0.0,0.0,1.1955754959225713,0.0,0.05798696351477186,0.0,0.2544855828091358,0.0,-76.22610175744819
Q3,21,8,0.0,0.0,1.8065825643782918,0.0,0.9603757814186132,-2.5963206043532217,0.0,0.0,-47.83715146829139
Q2,22,0,0.0,0.0,1.0667151438121367,0.0,-0.49749663264246125,-34.02340123423079,0.0,0.0,-73.60703771269354
Q1,21,7,0.0,0.0,0.0,0.0,0.0,0.06767042184378914,-0.0,0.0,0.0
FY,21,9,0.0,0.0,1.591673681481762,0.0,-0.025291199780963006,0.0,0.0,0.0,4.697986577181208
Q3,21,2,0.0,0.0,-0.0013554502702422908,0.0,0.07582633953510155,0.040421538561147066,-0.021482408518133017,-1.8816111111111111,-46.666668477571655
Q3,22,8,0.0,0.0,5.017285890672354,0.0,-0.234594230553373,-1.0396620368963316,0.0,0.0,-45.20697036286997
Q3,21,3,0.0,0.0,-0.0,0.0,0.16394125163309547,0.16394125163309547,-0.0,0.0,0.0
FY,21,5,0.0,0.0,2.2992896909195624,0.0,0.022528881009113187,0.0,26.131007751937986,0.0,-42.695723695061744
Q1,21,9,0.0,0.0,-4.6333272028431916,0.0,-0.1080470835668793,-3.1223422397034226,0.0,0.0,-42.51101504347726
Q3,22,8,0.0,0.0,1.6559093944493415,0.0,-0.006128161978791035,-0.48001162760612853,0.0,0.0,-3.872102343549016
Q3,22,2,0.0,0.0,6.665364481600125,0.0,0.3186967731854051,4.307643210467528,-0.0,0.0,-42.91292458774484
FY,21,1,0.0,0.0,3.412116679132386,0.0,9.644727000747944,0.0,0.0,0.0,9.743592439710362
FY,21,9,0.0,0.0,1.179120211242699,0.0,-0.13752751271336303,-0.13026866415668578,0.0,0.0,-34.99999541502716
Q3,21,5,0.0,0.0,2.3004116195153963,0.0,-0.16064783488508858,-6.372643263180504,5.561432056251634,-1.14586372695446,-68.83223676471003
FY,21,4,0.0,0.0,1.7283859400717843,0.0,-0.11197829581496783,0.0,1.6918446116680088,0.0,96.49763192332416
Q3,21,3,0.0,0.0,-12.084696707766161,0.0,-0.04224677669445942,0.0,0.0,0.0,-1.2833179957776613
Q2,21,9,0.0,0.0,1.295976624716782,0.0,-0.02556437923891992,-0.138633465119245,0.0,0.0,-67.25352112676056
Q2,21,7,0.0,0.0,1.0345846881466154,0.0,-6.157109074785693,-3.729825598581141,0.0,0.0,-80.57419386445919
Q3,21,0,0.0,0.0,68.26884001339734,0.0,-1.791113095902646,-1.791113095902646,0.0,0.0,-4.278609920547069
Q3,21,1,0.0,0.0,2.9226983581191437,0.0,0.24862460242413822,0.0,0.0,0.0,-1.0876524315369538
Q1,21,7,0.0,0.0,-1.7775348362331047,0.0,0.68410775703902,0.23935860011470783,-0.0,0.0,-76.97697688552455
Q1,22,8,0.0,0.0,-0.18616515780523182,0.0,3.0438403441204422,2.874481068373931,-0.0,0.0,-17.721525792069773
FY,21,8,0.0,0.0,-0.29772237125874496,0.0,2.3086562325161033,2.1765435771981445,-0.0,0.0,18.461545985596462
FY,21,8,0.0,0.0,1.2972095261438439,0.0,-1.2854839644301053,-2.248117303710268,0.0,0.0,-79.59183578683309
Q1,21,6,0.0,0.0,-0.010543671108046057,0.0,0.14106666047761773,0.02021559433847355,-0.0,0.0,-98.47328249277798
Q2,22,7,0.0,0.0,1.959934350260668,0.0,0.043432612473450476,0.0,0.0,0.0,6.7383870058120285
Q2,22,7,0.0,0.0,1.2351460928288993,0.0,-0.016896118895421114,0.0,0.0,0.0,42.12112421182702
Q3,21,6,0.0,0.0,2.7933915232143693,0.0,0.37140235980796554,-0.4572098786238459,2.3239142265848427,-0.19674128820827794,0.9917338578706303
Q3,21,0,0.0,0.0,-25.84025898448563,0.0,0.43051763621937666,-0.0,-0.0,0.0,-77.18253998289063
FY,21,1,0.0,0.0,2.8034371358966212,0.0,0.4130521131236098,-7.0112621933195385,8.069198935855749,-0.8688919741667003,1.6216174976245779
Q3,21,8,0.0,0.0,1.3296037736777506,0.0,-0.13626091886818498,2.885403383410866,-0.0,0.0,84.99999503294646
FY,21,1,0.0,0.0,1.8929452283079657,0.0,0.0,0.0,0.0,0.0,-34.75242950842129
FY,21,10,0.0,0.0,3.028431727634915,0.0,0.26566461427019195,0.0,7.6536485097636175,0.0,2.2055430900140585
Q2,22,8,0.0,0.0,5.90210351237648,0.0,0.19227081498874865,-0.0690947733112067,0.0,0.0,-44.17026093848618
Q1,22,3,0.0,0.0,-1.4176357136324051,0.0,2.370159901696843,-1.7962859146985333,0.0,0.0,-86.95652181248602
Q3,21,8,0.0,0.0,-0.6923176735488303,0.0,0.18026180208373088,0.0,0.0,0.0,13.378381556712208
Q3,21,0,0.0,0.0,-295.88096118299444,0.0,2.540357362908195,-0.0,-0.0,0.0,0.505052451126116
FY,21,1,0.0,0.0,3.840586409562174,0.0,0.25800699993396287,0.0,0.0,0.0,-6.4679605264083255
FY,21,1,0.0,0.0,1.6132670540422531,0.0,0.28050918617539383,0.0,0.0,-0.7164634804962879,-13.064190855338978
Q3,21,8,0.0,0.0,-0.14569770475781588,0.0,1.3483306507981365,0.6224673903960253,-0.0,0.0,-70.27670448927945
Q1,22,9,0.0,0.0,1.9825673611416132,0.0,0.006803219084152014,0.0,0.0,0.0,-1.752727752418746
Q2,22,9,0.0,0.0,0.0,0.0,0.0,0.0,0.0,0.0,37.90569848730784
Q2,22,5,0.0,0.0,-0.027999917467201534,0.0,0.1650631564491284,0.11281945091542855,-0.0,0.0,87.60331138285548
FY,21,8,0.0,0.0,2.275034843941378,0.0,0.08835578831777674,0.0,9.153707052441229,0.0,6.265259225745462
Q3,21,8,0.0,0.0,-0.115508571156938,0.0,0.4335081014382817,-0.0,-0.0021688368897426476,0.0,-52.98013359357488
Q3,21,0,0.0,0.0,76.84886020609972,0.0,-1.6022691787238472,-0.0,-0.0,0.0,1.8781670941902937
Q3,21,2,0.0,0.0,2.221546961325967,0.0,-0.29079189686924495,-86.578231292517,95.93197278911565,-0.9024960998439937,-73.61963190184049
FY,21,2,0.0,0.0,3.9762371920645303,0.0,-0.6215391323304993,-15.819012797074954,8.656307129798902,-1.827455121436114,-77.56729750845685
FY,20,0,0.0,0.0,-51.475682552769136,0.0,0.1284708867251024,0.0,0.0,0.0,-4.326455562996986
Q3,22,2,0.0,0.0,1.7073703672577527,0.0,0.28359526010589126,-0.5496981166080923,0.8682977381274218,-0.6330756058325983,-38.676574274981505
Q1,22,1,0.0,0.0,3.770947927179104,0.0,0.0530438721263797,-0.0,-0.0,0.0,-33.95659821466322
FY,21,7,0.0,0.0,4.5269471995332555,0.0,0.06078617269544924,-4.255376603336869,6.005111389719356,-0.7086257568214303,12.29746095469661
FY,21,10,0.0,0.0,4.822822568702533,0.0,0.2886387836989711,-0.0,-0.0,0.0,12.000003937752016
Q3,21,7,0.0,0.0,-0.3339827737139177,0.0,0.41606943182881934,0.4026654542524203,-0.00012435868227550522,-3237.936,-92.42857138903774
Q3,21,1,0.0,0.0,2.7325959183120427,0.0,0.1341535293041658,0.0,0.0,0.0,-38.47778082650139
FY,21,6,0.0,0.0,2.4026162790697674,0.0,0.07994186046511628,-1.8403575989782885,0.0,0.0,21.98159305896335
Q3,21,6,0.0,0.0,-0.024041555145057215,0.0,0.05408724945946823,0.8146916291361149,-0.3275334052927383,-2.48735431553301,-81.23827459652591
Q3,22,0,0.0,0.0,2.6925977558909744,0.0,0.1516785603942639,0.0,2.0961400647441124,0.0,-62.021050704152955
Q3,21,1,0.0,0.0,577.5817851023277,0.0,-0.0030611655532238502,-0.0,-0.0,0.0,11.972435033310706
Q3,21,8,0.0,0.0,-0.11728754232201845,0.0,0.3181653662715848,0.3443030783398315,-0.02613771206824669,-13.172655565293603,-44.42327971411846
FY,21,9,0.0,0.0,-10.902131308182264,0.0,0.008849828515433611,-19.553673580262696,21.859160781055255,-0.8945299307743477,-45.2586170278556
Q1,21,2,0.0,0.0,4.283519961372994,0.0,-0.17125833885012987,-0.2674137120483872,0.0,0.0,-47.630851253520945
Q2,22,8,0.0,0.0,2.8708215600036793,0.0,0.08142116657584265,-5.344374869099586,0.0,0.0,-8.670343065642246
Q2,21,9,0.0,0.0,-9.283728524133899,0.0,-0.09103137566455478,-0.0,-0.0,0.0,-49.6969675660169
Q3,21,2,0.0,0.0,-0.09302356319034373,0.0,0.12211153677224147,0.12208733200984384,-0.0,0.0,190.90909501409402
Q1,22,2,0.0,0.0,2.0234687954153405,0.0,-0.012317978402368082,-1.6018139528840032,1.5171584869865773,-1.05579869646023,-65.25735461691255
Q3,22,8,0.0,0.0,1.2159794263008687,0.0,0.03822867441261721,-0.10072928266321479,0.0,0.0,-33.27721334114796
FY,21,1,0.0,0.0,5.623270440251573,0.0,0.23050314465408805,0.0,0.0,0.0,-6.894864951008342
Q3,21,8,0.0,0.0,-0.6764558068392876,0.0,0.27402308896900834,-1258.1979166666667,0.0,0.0,-71.84672855719995
FY,21,9,0.0,0.0,2.0875730612734333,0.0,0.18864351932123302,0.0,0.0,0.0,-14.474731643776128
Q1,22,2,0.0,0.0,1.5139396185016991,0.0,0.0239855923635673,-0.6493050229143434,0.0,0.0,-66.42105160789805
Q2,22,2,0.0,0.0,1.4896483552691793,0.0,-0.019733108788372478,0.0,0.639780561939358,0.0,-27.648837672118486
Q2,22,7,0.0,0.0,1.4220290659421815,0.0,0.20834918517789128,-1.186299183203208,1.9144519608915893,-0.6196547144754316,-11.70381082154413
Q3,21,1,0.0,0.0,3.91124053128567,0.0,-7.338840536474007,-22.418436237311,0.0,0.0,-83.25000024835268
FY,21,3,0.0,0.0,8.662100831806823,0.0,0.1333162557576402,0.0,0.0,0.0,-11.730101849118425
Q3,21,3,0.0,0.0,-16.063468674049297,0.0,-0.6217209245129789,0.0,0.0,0.0,0.0
Q3,21,1,0.0,0.0,4.486134392777477,0.0,0.12636775206895187,-8.703915950334288,0.0,0.0,-82.3578604651682
Q3,21,1,0.0,0.0,-24.95239054864225,0.0,-1.5406317698624616,0.0,0.0,0.0,-55.54687521536834
Q3,21,8,0.0,0.0,-29.508893503114603,0.0,0.2121355384272139,0.0,0.0,0.0,-82.74824490929716
FY,21,0,0.0,0.0,-0.12872000036689787,0.0,0.6941615848764701,-0.0,-0.0,0.0,-17.355370221506995
FY,21,6,0.0,0.0,4.736997927563407,0.0,0.5057732162242179,0.0,0.0,0.0,-36.369228706582014
FY,21,8,0.0,0.0,1.0155597038232786,0.0,-0.3204448529771995,-0.5072753819795236,0.05880860534510952,-8.62586995564091,-60.128615711784896
Q3,21,0,0.0,0.0,-18.98909104911761,0.0,-0.06474022207763679,0.0,0.0,0.0,0.20660644069052325
FY,21,7,0.0,0.0,4.589605621764018,0.0,0.14419432358772796,0.0,0.0,0.0,50.8912647259593
Q2,22,6,0.0,0.0,1.7155972401120652,0.0,0.3048411115349336,0.0,0.0,0.0,-12.846345529581521
Q3,21,2,0.0,0.0,-0.4752271069317064,0.0,0.15192119942946528,-2.2435999173832224,0.0,0.0,-87.14285776057108
Q3,22,2,0.0,0.0,1.5612773150430106,0.0,0.12651177815464903,-0.6495645029641722,0.0,0.0,-39.14285714285714
Q3,21,8,0.0,0.0,-1.038871538751628,0.0,1.461183290257643,0.8124638076192436,-0.05662616086800524,-14.34785256788086,-54.88281160471613
Q3,22,1,0.0,0.0,4.665948875786801,0.0,0.36349001532094066,0.0,0.0,0.0,-11.567896058001255
Q2,22,1,0.0,0.0,2.5481151195784353,0.0,-0.12011890285096609,-0.5749490216495292,0.0,0.0,32.21789312643524
Q3,21,9,0.0,0.0,1.2293397746268733,0.0,0.18703819539889052,-0.18728645567942034,0.6504678534705322,-0.2879257670923547,-43.502703151152545
Q3,21,8,0.0,0.0,-0.13061691664470124,0.0,-0.4519854984878466,0.1272269728465898,-0.05776119361769801,-2.202637530115158,-49.47473593487678
Q3,22,1,0.0,0.0,-0.2630089739381302,0.0,0.8068387392498667,2.483281700917215,-1.6581785166827774,-1.4975961128027846,-19.565217391304348
Q3,21,2,0.0,0.0,-8.719205107970442,0.0,-0.2230253246287395,0.7825543050269064,-0.836723979524872,-0.9352598039215686,-56.43564426551878
Q3,21,0,0.0,0.0,-14.510471537852368,0.0,-0.49507059680049526,0.0,0.0,0.0,1.0298700419862237
Q3,21,1,0.0,0.0,3.39826699825726,0.0,0.3848933934304946,0.0,0.0,0.0,-10.131949519796652
Q2,22,3,0.0,0.0,-0.0,0.0,0.4417669681942402,0.4417669681942402,-0.0,0.0,222.58064268034778
Q2,22,5,0.0,0.0,-0.010557013706620006,0.0,0.2106931078059687,0.2106931078059687,-0.0,0.0,-63.11917649343671
Q3,22,2,0.0,0.0,3.618348623853211,0.0,0.14311926605504588,412.5,-467.6666666666667,-0.8820384889522452,3.965245719534004
Q3,21,1,0.0,0.0,1.8826667258698324,0.0,0.21376312140618284,0.0,0.0,0.0,-8.48158556305176
FY,21,9,0.0,0.0,1.3271604938271604,0.0,0.1356115565737559,0.0,0.0,0.0,-6.565656261582266
Q3,21,8,0.0,0.0,1.8850054926888578,0.0,0.01613677328526786,-22.058,59.529,-0.3705420887298628,-13.718140200703402
Q2,22,1,0.0,0.0,4.506411586653023,0.0,-0.07806249865828963,0.0,5.988013911315365,0.0,-73.18640969479533
Q3,21,1,0.0,0.0,6.0461997019374065,0.0,-0.17324021765500988,0.0,0.0,0.0,-22.680410850768943
Q1,22,8,0.0,0.0,1.423875519378277,0.0,-0.01968650090144602,-0.379648861749478,0.9053026362393405,-0.41936126832299186,-73.17073161867245
FY,21,2,0.0,0.0,1.4623602014906363,0.0,0.33523429175603087,-0.2845347319790203,1.5176412353814692,-0.18748484513041094,-11.586587538619053
Q3,21,8,0.0,0.0,1.1402660217654172,0.0,-0.11426844014510278,-0.40677200902934535,0.0,0.0,-36.666669978035685
FY,21,4,0.0,0.0,0.0,0.0,0.0,-0.0,-0.0,0.0,42.51713218151073
Q3,21,8,0.0,0.0,-0.8847239016525594,0.0,0.4111172181305192,-0.5985695947185036,0.0,0.0,-81.49999976158142
FY,21,3,0.0,0.0,2.205326026231078,0.0,0.32751602862539575,0.0,0.0,0.0,-4.1526374859708195
Q3,21,9,0.0,0.0,-1.870924588972199,0.0,0.42112872976061555,0.3426099578171034,-0.0,0.0,-88.3312422006117
Q3,21,7,0.0,0.0,3.1444103430298256,0.0,0.1520565040257231,-2.1536783924008662,2.881658507090054,-0.7473746063601705,-0.5454583601518112
Q3,21,8,0.0,0.0,-0.11727887570343734,0.0,0.3019598432265936,0.09526417979231327,-0.0,0.0,-54.87364474071038
FY,21,8,0.0,0.0,2.374301675977654,0.0,0.03600248292985723,-1.9195046439628483,2.1106811145510838,-0.9094242757609095,-24.457661965632887
Q2,22,9,0.0,0.0,1.0418699242851057,0.0,-0.11336622098855345,-0.14966119182398707,0.0,0.0,-72.00000021192763
Q2,22,10,0.0,0.0,194.2197842384348,0.0,-746.8921192174072,3.3875730952490914,-0.0,0.0,-96.63328021465962
Q1,22,2,0.0,0.0,-0.05253139739590813,0.0,0.35844135306922353,0.19027941841475296,-0.0,0.0,-60.992908738315535
Q1,22,7,0.0,0.0,5.033983637507866,0.0,0.04782882315921964,0.0,0.0,0.0,-11.498879870064757
FY,21,2,0.0,0.0,1.5712207961228226,0.0,0.0673176381462974,-0.20299464840787465,0.0,0.0,37.99705358174934
Q3,21,9,0.0,0.0,-0.22760599248704522,0.0,1.4336304695714355,1.1193783156397312,-0.012854610832465467,-87.07990698657647,-43.902438054839685
Q3,21,0,0.0,0.0,1.1705408546846565,0.0,-0.0029434069960073586,0.25829031266902486,-0.0,0.0,66.66667287548397
Q3,21,3,0.0,0.0,-13.20979355367056,0.0,-0.2662874008900309,0.0,0.0,0.0,-3.000001907348633
Q1,22,9,0.0,0.0,3.9927947313510694,0.0,0.0,-45.738458394286205,0.0,0.0,-40.71856167207094
FY,21,2,0.0,0.0,2.056289640591966,0.0,0.23625792811839325,0.0,0.0,0.0,-21.19537942657027
FY,21,1,0.0,0.0,1.6941276735945348,0.0,0.2605161945361511,-5.269095358561102,0.0,0.0,-14.117894114162755
Q3,22,2,0.0,0.0,1.5186875987803738,0.0,-0.04754641432033738,-5.271183868581293,0.0,0.0,-40.49945715118534
FY,21,8,0.0,0.0,1.2972095261438439,0.0,-1.2854839644301053,-2.248117303710268,0.0,0.0,-79.59183578683309
FY,21,2,0.0,0.0,1.546877696882208,0.0,0.06226953915676829,-2.362359997876745,0.0,0.0,-12.740256569602273
FY,21,9,0.0,0.0,2.3868542791056284,0.0,0.08558211256746338,-7.089506172839506,0.0,0.0,-32.01782126516462
Q2,22,2,0.0,0.0,-0.0021167409999453242,0.0,0.26097102976847864,0.030201727684463088,-0.0,0.0,164.00001049041748
Q3,21,1,0.0,0.0,-1.5338123619196424,0.0,0.09944305839066556,0.6565112953277059,-1.0069446380887506,-0.6519835058398136,-50.0
Q3,21,7,0.0,0.0,-0.0,0.0,0.8589927528234559,0.8589927528234559,-0.0,0.0,-20.000002119276257
Q3,21,1,0.0,0.0,1.8395932613936834,0.0,0.15248936514324615,0.0,0.0,0.0,-39.985978603105856
Q3,21,8,0.0,0.0,-0.1512457499581963,0.0,0.1211888969399699,-2.728840008917292,0.0,0.0,-73.47825969775366
Q2,22,5,0.0,0.0,1.6385671740569159,0.0,0.036482461945731307,0.0,0.0,0.0,21.413394006344316
Q3,21,9,0.0,0.0,-8.099934583900453,0.0,0.1272136606736654,-0.0,-0.0,0.0,-62.0862600787446
Q3,22,2,0.0,0.0,1.3647635706931498,0.0,0.1730646295186348,-0.3210588383239817,0.0,0.0,-57.051694987016845
Q3,21,3,0.0,0.0,10.097726829031537,0.0,0.05368404634385737,0.0,0.0,0.0,1.8392606168049692
FY,21,2,0.0,0.0,1.3111295466618131,0.0,0.021937835040855672,-0.8317254164513603,0.0,0.0,16.698383218090886
Q3,22,2,0.0,0.0,-0.0002792029394777445,0.0,1.046887389060172,0.45737684276221124,-0.0,0.0,-71.68554130629879
Q3,21,9,0.0,0.0,3.5811330008992073,0.0,0.09670563230605739,-0.744703265831675,0.0,0.0,-17.75936694714631
FY,21,7,0.0,0.0,1.3270427385195365,0.0,0.0657562076215568,-0.5458838759169583,0.0,0.0,-16.660176693122438
Q1,22,8,0.0,0.0,-0.29309714386743174,0.0,0.2084704542166932,-8.65157510272409,0.0,0.0,-63.12499895226208
Q3,21,2,0.0,0.0,-0.7338770099089468,0.0,1.0069036027623748,-3.074523839018401,0.020610032261242885,-149.17608085456692,-95.0724634533436
FY,21,8,0.0,0.0,1.0775194703940547,0.0,-0.17441385689359,-0.34187404363240165,0.0,0.0,-50.24630518729541
FY,21,0,0.0,0.0,2.634411472108315,0.0,0.12311649236891273,0.0,0.0,0.0,1.2750399431450308
Q1,22,1,0.0,0.0,-6.805953170961289,0.0,-0.26131780209436406,-0.0,-2.1100850209950037,0.0,14.61273041599461
FY,21,0,0.0,0.0,0.0,0.0,0.0,0.0,0.0,0.0,5.212518265110448
Q3,22,9,0.0,0.0,2.7192472871601705,0.0,0.05893134214960026,0.0,0.0,0.0,17.228687794709327
Q3,21,3,0.0,0.0,-17.111294705147976,0.0,1.917970184328413,0.0,0.0,0.0,0.004971986408009728
FY,21,1,0.0,0.0,23.637037037037036,0.0,3.111111111111111,0.0,0.0,0.0,8.017960152441075
Q2,22,9,0.0,0.0,1.1025953091309586,0.0,0.020148561230506658,0.0,0.5007189367334013,0.0,-22.648398040499718
FY,21,2,0.0,0.0,3.0241306174716875,0.0,0.26955860578654606,-1.8370693837942746,0.0,0.0,-5.560076892393301
Q3,22,1,0.0,0.0,2.336441007766366,0.0,0.019898140471396424,0.0,0.0,0.0,6.646526659015183
Q3,21,8,0.0,0.0,2.34405101568025,0.0,0.30119247933279686,0.0,0.0,0.0,-42.85714457192177
Q1,22,8,0.0,0.0,1.6198172558418213,0.0,-0.034736369083283404,0.0,0.6195159557071439,0.0,-33.62573303254483
Q3,22,2,0.0,0.0,1.3563049700211,0.0,-0.23498965884638687,-0.662145654047097,0.0,0.0,-56.88536344410776
Q3,21,8,0.0,0.0,-0.7213568042108863,0.0,0.889580384034356,0.34222418026646895,-0.0,0.0,-46.66666997803569
Q3,21,6,0.0,0.0,1.2811447194513867,0.0,0.07558334127327318,0.0,2.158691557955866,0.0,-4.436973764115021
FY,21,0,0.0,0.0,0.0,0.0,0.0,0.0,0.0,0.0,5.383737590762927
Q2,22,9,0.0,0.0,2.107089920197253,0.0,0.1017861837903162,0.0,0.0,0.0,-23.463900582434693
FY,21,4,0.0,0.0,228.94148811712404,0.0,-37.2082595179998,-0.0,-0.0,0.0,-30.76923517785825
Q2,22,8,0.0,0.0,-0.031866112911714345,0.0,-1.975960359210423,0.04014354563653889,-0.0,0.0,-3.2786890251666563
Q3,21,1,0.0,0.0,-9.539566578672725,0.0,0.6490678781181575,-0.0,-0.0,0.0,1.5411873657323298
FY,21,2,0.0,0.0,6.725689666184728,0.0,-3.159852747342078,-7.765588562705708,0.0,0.0,-57.28813660689311
Q3,21,2,0.0,0.0,1.5989329128166827,0.0,-0.11157902114584177,1.499624421622446,-0.0,0.0,236.92309808449005
Q3,21,3,0.0,0.0,125.37840761575076,0.0,-4.4089138900908695,-0.0,-0.0,0.0,0.8080800685720759
Q3,21,6,0.0,0.0,-0.0665582894839493,0.0,0.1308469234043207,0.07572505419000394,-0.0,0.0,2.564098155475083
Q1,22,3,0.0,0.0,6.856476673386687,0.0,0.009611664324841672,0.0,0.0,0.0,-7.072693963110605
Q3,21,8,0.0,0.0,-0.04870519215938017,0.0,0.4365501807693508,0.48973559974857234,-0.0010788207864692691,-453.95454545454544,-46.07842919552427
FY,21,5,0.0,0.0,-0.006631289908700925,0.0,-0.1684818774107458,0.033472001211372296,-0.0005133730905000561,-65.20014747708838,-78.57142899764487
Q3,21,3,0.0,0.0,56.58506576156131,0.0,-1.6516758591429783,0.0,0.0,0.0,-0.40485790880267447
FY,21,6,0.0,0.0,3.491024287222809,0.0,0.26399155227032733,0.0,12.262589928057555,0.0,51.376704635793445
FY,21,8,0.0,0.0,0.0,0.0,0.0,-1.206930156556513,0.0,0.0,-45.53900395034722
Q3,21,1,0.0,0.0,2.8600493837073917,0.0,0.0658926205484402,0.0,0.0,0.0,-58.63774885256072
FY,21,10,0.0,0.0,3.1103698834289792,0.0,0.10132285696326429,-0.0,-86.43988400291143,0.0,-8.133332994249132
Q1,22,9,0.0,0.0,2.1106197907595323,0.0,0.05585861472461729,-0.3366617112761158,0.0,0.0,1.3960924380203616
Q3,21,1,0.0,0.0,6.0767952127659575,0.0,0.2283909574468085,0.0,0.0,0.0,-36.945812708700146
Q3,21,3,0.0,0.0,-14.374985745889115,0.0,1.570164435423176,-0.0,-0.0,0.0,-0.9930430072089068
FY,21,4,0.0,0.0,2.572376039583114,0.0,0.6582798189283082,0.0,1.4927476512279545,0.0,-4.620457683416477
FY,21,1,0.0,0.0,3.189573669487624,0.0,0.34993006621578554,-16.334340061529225,0.0,0.0,-12.136277952073891
Q3,22,1,0.0,0.0,1.6309422932591466,0.0,0.1325500881480976,-0.5597751050839137,0.0,0.0,-8.920323923306082
FY,21,2,0.0,0.0,1.5338339073440648,0.0,0.44336929245486784,-0.13962060037124177,0.0,0.0,-9.042669932340651
Q2,22,1,0.0,0.0,1.2252885722286178,0.0,0.02779419847961586,-0.3336129593970245,0.0,0.0,-58.49471571228014
Q3,22,2,0.0,0.0,2.2393963588543713,0.0,0.010297413359596339,-3.1130851434822695,0.0,0.0,-48.62013026567782
Q3,21,2,0.0,0.0,1.2103478400159375,0.0,-0.7019888302447573,-0.8353774907197465,0.21187193785264274,-3.9428416013297283,-16.666663562258016
Q2,22,1,0.0,0.0,1.62957167546359,0.0,0.024140937611907765,0.0,0.0,0.0,-68.6344259189408
Q3,21,8,0.0,0.0,-3.133608815426997,0.0,0.19008264462809918,1.9332849891225525,-1.239303843364757,-1.5599765944997075,-62.192818485551925
FY,21,1,0.0,0.0,2.6675207964916234,0.0,0.07037133219129911,-5.52880322539418,6.984844986258351,-0.7915427237499588,-34.30962411965939
FY,21,1,0.0,0.0,10.141489842951332,0.0,0.8543746727410674,0.0,0.0,0.0,-14.243326515552587
FY,21,9,0.0,0.0,4.563724160381965,0.0,0.3235310075416418,0.0,0.0,0.0,-15.08292274608014
FY,21,8,0.0,0.0,1.1056032062743473,0.0,-0.1985696146769972,0.0,0.030487942430463127,0.0,-77.59146453746602
FY,21,9,0.0,0.0,2.2159715337054458,0.0,0.19267935239758002,0.0,8.90307683393209,0.0,-33.37710341653782
FY,21,7,0.0,0.0,2.549955041894082,0.0,0.12415309810030525,0.0,0.0,0.0,-7.7860404808509545
Q3,22,1,0.0,0.0,1.5399360094567978,0.0,-0.1231501932869718,-0.6793846229088275,0.0,0.0,-47.856585370204776
FY,21,9,0.0,0.0,3.1923405619057794,0.0,0.004571532704525032,-4.1831444024598055,0.0,0.0,-9.138075221786332
FY,21,0,0.0,0.0,185.0541616383167,0.0,-1.288134776603604,0.0,0.0,0.0,-46.601941747572816
FY,21,4,0.0,0.0,0.0,0.0,0.0,-0.0,-0.0,0.0,3.6310191802724363
Q3,21,0,0.0,0.0,80.14341851017758,0.0,-0.23049780892527583,0.0,0.0,0.0,-1.911761749711911
FY,21,7,0.0,0.0,1.6351553725196555,0.0,0.08405091725945338,0.0,0.0,0.0,-24.897119442504774
FY,21,8,0.0,0.0,1.401013125750694,0.0,-0.05753768603576036,1.4520696185638637,3.425619469522395,0.4238852655652128,-38.2352966957026
Q3,21,8,0.0,0.0,-0.1365826485269261,0.0,0.6949639045316328,-6.53966061090038,0.0798562587342783,-81.8929,-82.48299402477639
FY,21,2,0.0,0.0,2.3942972014097985,0.0,0.13509791564549634,0.0,0.0,0.0,-7.787067722877426
Q2,22,9,0.0,0.0,3.3779871692060945,0.0,0.08644747393744988,0.0,0.0,0.0,-0.5860098421410446
Q2,22,4,0.0,0.0,-0.5825825345443618,0.0,-0.6509565471749208,0.7089448984890898,-0.0,0.0,-88.31798832879576
Q3,21,8,0.0,0.0,-0.034793197929804724,0.0,0.043247945026747274,0.9915626495020223,-0.0,0.0,19.99999552965171
Q3,21,1,0.0,0.0,0.0,0.0,0.0,2.329637900781624,-0.0,0.0,-68.3720932269367
Q3,21,8,0.0,0.0,5.571050561395981,0.0,-3.5955803475649004,-1.1027343657362392,-0.061683306851329237,17.877354863514032,-88.83333338631523
Q3,22,8,0.0,0.0,1.1555034842406626,0.0,-0.1565997479903651,0.0,0.38863877649132644,0.0,-62.856338852689476
Q3,22,2,0.0,0.0,10.061831873072059,0.0,-0.16500882835425285,22.836364312544163,-0.0,0.0,-76.09368290724625
Q2,22,2,0.0,0.0,-10.582813582813582,0.0,-0.11969111969111969,0.0,0.0,0.0,-15.726247497261733
FY,21,9,0.0,0.0,1.1017250665149323,0.0,0.2060152659248916,-0.5835556990681929,0.0,0.0,19.800567952453765
FY,21,9,0.0,0.0,2.0259077809348986,0.0,0.0,0.0,0.0,0.0,88.55422755287238
Q2,22,2,0.0,0.0,2.0806760855166506,0.0,0.030173851984283104,-2.388954546906443,0.0,0.0,-46.05734710361586
FY,20,9,0.0,0.0,-8.526901857583235,0.0,0.11198881888054389,0.0,0.0,0.0,-1.6336629269415628
Q3,22,1,0.0,0.0,2.7291416282932492,0.0,0.08897343794309481,0.0,0.0,0.0,-22.49188824028358
Q2,22,1,0.0,0.0,2.473753423005802,0.0,0.10173168532932919,115.58371681415929,-760.4643067846607,-0.15199098206576173,0.31016082345876567
FY,21,9,0.0,0.0,3.187112692219417,0.0,-0.02610741335781501,-1.0790477770404778,0.0,0.0,32.87269957013568
FY,21,8,0.0,0.0,1.2107885205110107,0.0,-0.2268217271755155,-2.1665130764306793,1.5034795083787462,-1.440999404619026,-74.61538395702956
FY,21,3,0.0,0.0,7.752922264268804,0.0,0.061244187066771955,0.0,0.0,0.0,-14.360310281970543
Q3,22,1,0.0,0.0,2.428194731212219,0.0,0.10995298390507227,-1.822056726350816,3.6814962885316236,-0.49492287470906265,-59.429278682382716
FY,20,9,0.0,0.0,-3.582132548638558,0.0,0.28148709477367523,-10.140064578720397,0.0,0.0,-20.365534906721685
FY,21,8,0.0,0.0,-1.7924082815294702,0.0,0.6517441794230119,1.2527066935350086,-0.0,0.0,-62.85714336398508
Q2,21,2,0.0,0.0,1.0916538179632653,0.0,-0.05025304914430447,-0.07986839805912452,0.05546002565187166,-1.4401074849922852,-24.657534582124093
FY,21,9,0.0,0.0,1.8471370307041644,0.0,0.09420750855276436,0.0,0.0,0.0,-10.724381375380375
Q3,21,5,0.0,0.0,2.0375270196108164,0.0,-0.11826769776221634,0.5218105048540003,-0.3027905520117358,-1.7233381338588645,-22.222227127954216
FY,21,2,0.0,0.0,1.2398827859689494,0.0,0.12266843424091473,-1.4811651857519872,1.628930540156472,-0.9092868905323054,-40.71428589674891
FY,21,1,0.0,0.0,1.470620822019389,0.0,0.18185406920317118,-0.630041787533857,0.0,0.0,-42.15373421545934
FY,21,0,0.0,0.0,2.619353601227582,0.0,-0.6235734151721493,0.0,0.0,0.0,-41.09745848223382
Q3,21,3,0.0,0.0,-2.279296896139928,0.0,1.176554365355683,1.165787046055122,-0.0,0.0,-0.03920681665883153
Q3,22,2,0.0,0.0,2.3886227109272693,0.0,0.019784239955101954,-3.572137406853664,0.0,0.0,-7.464278194835441
Q3,22,2,0.0,0.0,1.1967367993424471,0.0,-0.03253375154704432,-0.3548606347162563,0.0,0.0,-63.742138784762226
Q3,21,2,0.0,0.0,-0.5311091073038774,0.0,0.9507063420498948,0.15054151624548737,-0.0,0.0,-89.6860981350077
FY,21,8,0.0,0.0,-3.5844576346870447,0.0,6.084274340579951,-0.013546040146418047,0.005960731842832536,-2.272546476437527,-66.53846227205716
Q3,21,1,0.0,0.0,2.456912028725314,0.0,0.23638539796529023,0.0,0.0,0.0,-47.33154727206299
Q3,21,7,0.0,0.0,3.941969137144099,0.0,0.39136419618923424,-0.0,-0.0,0.0,-42.62174403359016
Q1,22,1,0.0,0.0,2.5037621997145196,0.0,0.07807108264399151,0.0,0.0,0.0,-22.144804487155774
Q3,21,8,0.0,0.0,-0.007460842927022086,0.0,0.23133554029349276,0.023271900785611938,-0.0,0.0,-66.66666572056114
FY,21,8,0.0,0.0,1.3890994753185566,0.0,0.030245922118713638,0.0,0.0,0.0,-30.395680170832577
Q1,21,7,0.0,0.0,1.4881757176416028,0.0,-1.1506488379989124,-0.8793439569958691,0.10614975394677534,-8.283994303338488,-34.52083173068237
Q3,21,9,0.0,0.0,19.148456430618022,0.0,11.75361129768656,0.08285695641382713,-0.0,0.0,-13.999998569488525
Q2,22,6,0.0,0.0,1.0843099068303512,0.0,-0.3353919626093249,-1.265343634162459,0.0,0.0,-59.01309117241432
Q1,22,2,0.0,0.0,1.5277920476728655,0.0,0.023425459776019727,0.0,0.0,0.0,-33.17948141621293
FY,21,3,0.0,0.0,8.11499872999746,0.0,0.04676322534463251,0.0,0.0,0.0,-24.186777470349284
Q3,21,9,0.0,0.0,-0.8008678688663762,0.0,0.7774182537212067,-0.0,-0.7541683831209092,0.0,-71.78572736900297
Q3,21,3,0.0,0.0,28.339077471588798,0.0,-0.8569412463789645,-0.0,-0.0,0.0,-0.10070723639981713
Q1,22,1,0.0,0.0,2.719407106582942,0.0,-0.06793109510274305,-0.06796834799479032,0.0,0.0,-91.15044262724949
FY,21,8,0.0,0.0,1.0715987385705366,0.0,-0.25135333885380234,0.0,0.0,0.0,-49.63788536144521
Q2,21,9,0.0,0.0,2.0026138209710362,0.0,0.0252820221484542,0.0,2.1172353610487624,0.0,-34.65704132697757
Q2,21,8,0.0,0.0,1.3018197670223841,0.0,-0.09338979217785506,2.8111934605396627,-0.0,0.0,38.571435018461685
FY,21,2,0.0,0.0,-23.4,0.0,-3.9412121212121214,7.229280970257003,-9.166474155356628,-0.7886653960653363,2.7520019531249997
Q3,21,0,0.0,0.0,12.541666666666666,0.0,-0.041666666666666664,0.003952569169960474,-0.0,0.0,0.8056386832572059
Q2,21,11,0.0,0.0,1.1144526477930632,0.0,0.052722154352791206,0.0,0.0,0.0,-20.224720229856946
Q2,22,8,0.0,0.0,1.071824224519941,0.0,-0.15719736934655693,-0.19217878090959334,0.0,0.0,-39.34246742562072
Q3,21,3,0.0,0.0,67.82738095238095,0.0,-0.691017316017316,0.01206884534370101,-0.0,0.0,-1.7000007629394531
Q3,21,0,0.0,0.0,-37.68037427380824,0.0,0.08755881324901214,0.0,0.0,0.0,-1.5781138458856263
FY,21,2,0.0,0.0,1.6109927159374546,0.0,0.16562682738977053,-0.5380218046946413,1.5881056689048,-0.3387821196215964,-14.06079782676842
Q1,22,2,0.0,0.0,1.0911550691722576,0.0,-0.008049533775628046,-0.45409157382055826,0.0,0.0,-65.33333399560713
Q3,21,1,0.0,0.0,1.883461959667993,0.0,-0.3950844214027338,-2.9198648491337167,2.4213389042159523,-1.2058885454034327,-0.48899673103494756
Q3,21,1,0.0,0.0,-31.34517766497462,0.0,-4.590736040609137,0.0,0.0,0.0,-22.346248551583216
Q3,21,6,0.0,0.0,-3.342039124021502,0.0,0.13169399911850188,4.476434458490552,-0.0,0.0,-65.99999836512974
Q3,21,0,0.0,0.0,-14.9008207532812,0.0,-0.37846587726645414,0.0,0.0,0.0,-2.316218417342466
Q1,22,2,0.0,0.0,2.247745954427297,0.0,0.06978759279642163,-0.321602787456446,0.0,0.0,-22.655970463770643
Q3,22,2,0.0,0.0,1.5325130578048867,0.0,0.008202755284467346,-5.402386117136659,0.0,0.0,-42.03329556771402
Q3,22,7,0.0,0.0,2.9760434645209908,0.0,0.12289423147045239,67.32774914089347,-90.18105670103093,-0.7465841674942781,-16.282797953983735
FY,21,1,0.0,0.0,-2.139840465984091,0.0,-0.20266370943485734,-0.0,-7.143115896769681,0.0,-30.352824129683714
Q3,22,2,0.0,0.0,1.8292144843313083,0.0,-0.23049791598681396,-1.9830652225296497,0.0,0.0,-52.12750935139218
Q3,21,0,0.0,0.0,-14.870676718758354,0.0,-0.16376278710495704,0.0,0.0,0.0,0.10121689034415383
FY,21,9,0.0,0.0,1.448070034492718,0.0,0.002094793558260823,0.0,0.0,0.0,18.92551760800313
Q2,22,8,0.0,0.0,-0.3054975173783515,0.0,1.0355551142005959,1.604746772591857,-0.5794836146971202,-2.769270315659595,50.0
Q3,22,1,0.0,0.0,54.22647411257567,0.0,-21.216524792895417,-110.40423606472604,0.0,0.0,-81.76470588235294
Q3,21,0,0.0,0.0,-23.245188956593783,0.0,-0.39824254078003385,0.0,0.0,0.0,0.8230444599618197
Q3,21,1,0.0,0.0,4.2794160717554455,0.0,0.4795991213618891,0.0,872.8151162790698,0.0,-68.85101945768109
Q3,21,1,0.0,0.0,21.038067622027437,0.0,-0.6092474306328141,0.7077790204625941,-0.0,0.0,23.75000209547584
Q3,21,3,0.0,0.0,7.668629615998037,0.0,-0.022369443422075003,0.0033544288272377167,-0.0,0.0,0.09920862061037806
Q3,21,1,0.0,0.0,6.4022675768200195,0.0,0.14054567872321372,0.0,0.0,0.0,-38.96907217846281
Q3,22,1,0.0,0.0,2.2273641447939037,0.0,0.1543821000486051,-6.525829659143424,0.0,0.0,-38.62871025159956
Q2,22,7,0.0,0.0,1.0458154523683239,0.0,-0.12419033383158944,-0.5036256090208412,0.0,0.0,-74.20289932191683
Q3,21,3,0.0,0.0,-0.0,0.0,0.06651052619178939,0.040247452648900804,-0.0,0.0,71.42858115994217
Q3,21,8,0.0,0.0,-0.05329209154581041,0.0,0.31954123345103874,-0.0,-0.0,0.0,-86.25000019868216
FY,21,3,0.0,0.0,-0.18685321632585478,0.0,1081.6482324695753,-5788.758972086841,0.0,0.0,146.30541139681864
Q3,21,0,0.0,0.0,-13.225434797913232,0.0,-0.2708542268600924,0.0,0.0,0.0,-0.6011970811066598
Q3,22,0,0.0,0.0,28.636538591397123,0.0,0.0,-1.9253919372900337,0.0,0.0,-39.93373549128153
Q3,21,1,0.0,0.0,-1.7349658054379615,0.0,4.060958397317815,-0.0356860624986317,0.054469858597974964,-0.655152471792141,-66.92667705002138
Q3,21,1,0.0,0.0,2.1684110230520943,0.0,0.1599391383347244,0.0,4.022928311716503,0.0,-34.52314795706264
Q3,21,8,0.0,0.0,-98.26741014120668,0.0,503.3794127086008,2.6621629365394877,-0.0,0.0,-53.35833416945401
Q1,22,1,0.0,0.0,-0.319771208464141,0.0,0.03058694856964891,0.07770011032126527,-0.0,0.0,-9.999998410542805
Q3,21,1,0.0,0.0,10.153119319426288,0.0,0.40066991533285806,0.0,9.693241116421445,0.0,-47.03323691825038
FY,21,9,0.0,0.0,2.7567735520755656,0.0,0.0784862043251305,0.0,0.0,0.0,-5.208788861285199
Q3,21,3,0.0,0.0,-19.350098921615068,0.0,1.6966310920388998,0.0,0.0,0.0,-1.2060290237125613
Q3,21,7,0.0,0.0,2.145610984670935,0.0,-0.19401713589642802,8.232537048495114,-0.0,0.0,-74.96063052199958
Q1,22,0,0.0,0.0,2.2030359784200457,0.0,-0.022957237612295154,0.1713006916125266,-0.0,0.0,-82.82442834923145
Q3,21,7,0.0,0.0,2.9526254762299153,0.0,0.12060350063497322,0.0,17.76110034154897,0.0,51.1014783157058
FY,21,4,0.0,0.0,2.1601178781925343,0.0,-0.08055009823182711,-0.19222689075630253,0.046218487394957986,-4.159090909090909,-43.333328987161224
Q3,22,0,0.0,0.0,2.374067466487716,0.0,0.5128042293402295,0.0,0.0,0.0,-42.120947079494634
Q1,22,9,0.0,0.0,1.4633138740503355,0.0,0.03635880746099412,-0.46376331737902243,0.0,0.0,-15.008463075135406
Q2,22,3,0.0,0.0,-0.0,0.0,0.18232126406032842,-0.0,-0.0,0.0,-33.03571457081303
Q2,22,9,0.0,0.0,1.1244320947590458,0.0,0.0696495213370112,-0.04520494416222775,0.0,0.0,-9.909907845847279
Q3,21,1,0.0,0.0,2.6849166283023447,0.0,0.26433865040162613,0.0,0.0,0.0,-53.67298703153573
Q3,21,5,0.0,0.0,-2.3720327518689923,0.0,3.1963403346386614,2.2734606011372867,-0.0,0.0,-74.16974138292235
Q3,21,1,0.0,0.0,17.33730158730159,0.0,1.5873015873015872,0.0,0.0,0.0,-43.398878414714694
Q3,21,0,0.0,0.0,-16.371221830244142,0.0,0.5941695271500802,-0.0,-0.0,0.0,-2.537314523396762
FY,21,0,0.0,0.0,1.0332517956391896,0.0,-0.2745680078841674,-1.4118694556720321,0.0,0.0,21.428572188834753
Q3,21,8,0.0,0.0,-0.5736378484047483,0.0,0.29681006549958855,0.05375996522464706,-0.06822066002837543,-0.7880305643816162,-72.72727128410757
Q3,21,3,0.0,0.0,119.11657332248588,0.0,-0.04163088985386666,0.0,0.0,0.0,1.023535548720944
Q3,21,0,0.0,0.0,-13.411462842473806,0.0,0.07213543484018135,0.0,0.0,0.0,0.5112494079759354
FY,21,8,0.0,0.0,1.1168884963583672,0.0,-1.0217531528436608,0.0,0.0,0.0,-73.03522968191879
Q3,21,3,0.0,0.0,-2.1413404825737263,0.0,1.1218620521569582,-0.0,-0.0,0.0,2.895550473237453
Q3,21,7,0.0,0.0,3.96621940367511,0.0,-0.43739012569692737,0.0,0.0,-0.35086593233884267,-42.79877239999235
FY,21,9,0.0,0.0,2.230220466728467,0.0,-0.014973197372133328,0.0,0.0,0.0,-56.395350771378325
Q3,21,3,0.0,0.0,-0.0012026235240380325,0.0,0.5403218502748479,1.6598464241448319,-1.653738502497501,-1.0036934023354396,-21.372545983231227
FY,21,8,0.0,0.0,1.1697557914712617,0.0,0.04855330294683287,-0.39242756269264045,0.0,0.0,79.36694806209013
Q3,21,0,0.0,0.0,-14.698462109288515,0.0,-0.1247365943476096,0.0,0.0,0.0,0.10429959884244606
FY,21,8,0.0,0.0,-0.08987913800489208,0.0,0.5016531739092682,-0.0,-0.004465459784591953,0.0,-85.54058618391682
Q3,21,3,0.0,0.0,-13.306219048293654,0.0,0.16468189014864212,0.0,0.0,0.0,0.8196713302251629
Q3,21,0,0.0,0.0,67.53881735216902,0.0,-2.125390673834229,0.0,0.0,0.0,1.5306083225598954
Q1,22,0,0.0,0.0,-0.0,0.0,2.4285714285714284,0.0,0.0,0.0,-88.09999990314246
FY,21,4,0.0,0.0,1.1507261840415002,0.0,-0.09866837010466316,-1.7534815211569363,2.117121942510266,-0.828238320121437,-30.575916418586523
Q1,22,9,0.0,0.0,-0.060357326936323744,0.0,0.056881843186558576,0.05124351507969768,-0.0004214897132424842,-121.57714285714286,128.57142857142858
FY,21,9,0.0,0.0,1.362385164015827,0.0,-0.1572992257618634,-0.10041050434555743,0.0,0.0,-54.66946177642211
Q1,22,9,0.0,0.0,3.9927947313510694,0.0,0.0,-45.738458394286205,0.0,0.0,-40.71856167207094
Q2,22,8,0.0,0.0,1.7648439152930315,0.0,0.03989151968609952,0.0,0.0,0.0,-25.32955152323732
Q3,21,9,0.0,0.0,1.0008379861516803,0.0,-0.33281278431673006,-16.90959900638751,0.0,0.0,-86.95652226729067
Q3,21,3,0.0,0.0,31.968393576576066,0.0,-0.4186006922771378,-0.0,-0.0,0.0,-0.19666133346736664
Q3,21,1,0.0,0.0,1.719798529597078,0.0,0.20343319710132388,0.0,0.0,0.0,-36.06389218825025
Q3,21,8,0.0,0.0,4.978822758366444,0.0,-0.30795068201368125,-2.5626797810151247,0.0,0.0,-4.329233060276297
Q3,21,3,0.0,0.0,29.584486166007906,0.0,-0.7645398080180689,0.0,0.0,0.0,1.218272902657256
Q3,22,11,0.0,0.0,2.5350283017924906,0.0,-0.07574081215455758,8.592762006586412,-0.0,0.0,-26.10966109451934
FY,21,10,0.0,0.0,3.5198254457903846,0.0,0.10221202317357611,-0.0,-0.0,0.0,27.002282707848934
FY,21,9,0.0,0.0,1.5458670982925413,0.0,0.134427952105789,-1.7715955517855893,2.9037626166333337,-0.6101034367057194,-3.2365795465127856
Q3,22,2,0.0,0.0,3.942105728137113,0.0,-0.21838315682528464,-0.9808358358882064,0.0,0.0,-3.2044160004001565
Q3,21,3,0.0,0.0,-0.0010062329553737462,0.0,0.14891536620835066,0.08366666311114904,-0.0,0.0,-89.00000005960464
Q3,21,5,0.0,0.0,9.534091231713301,0.0,0.3365928641826094,1.040202641828489,-0.0,0.0,-15.723270503123182
Q3,21,8,0.0,0.0,-0.8834292289988492,0.0,1.3353279631760644,-0.0,-0.0,0.0,-44.444442522198344
Q2,22,7,0.0,0.0,1.9019689001728053,0.0,-0.07946387571509081,-1.1002513654900303,2.4287253542286185,-0.4530159672333468,-81.76979697537703
Q3,22,1,0.0,0.0,2.4454672312578194,0.0,0.05939274372052738,0.0,4.757659330760762,0.0,-31.27101314268398
Q3,21,9,0.0,0.0,-1.8605719573267532,0.0,-1.4255698151311895,-0.0,-0.22134204902522767,0.0,-12.605043792508223
FY,21,1,0.0,0.0,2.027654971833414,0.0,0.1686992209005522,-5.2367585630743525,0.0,0.0,-17.10699292841677
Q2,22,2,0.0,0.0,-0.15423398785422,0.0,0.04370958621700685,0.06262846904777974,-0.0,0.0,-91.39999983608723
Q3,21,1,0.0,0.0,5.378054661422261,0.0,0.5373078495421729,0.0,0.0,0.0,-60.830905396286575
Q3,21,8,0.0,0.0,-41.51094727077902,0.0,3.096423944855822,3.238143810596598,-0.0,0.0,-82.36559191333419
Q2,22,9,0.0,0.0,-0.0,0.0,318.0053125,0.0,0.0,0.0,-92.82051296550769
FY,21,3,0.0,0.0,9.538389040731357,0.0,0.16391779439729012,0.0,0.0,0.0,-11.516449995675039
Q3,21,0,0.0,0.0,-33.565966065916925,0.0,0.018265970154250907,0.0,0.0,0.0,376.6939792837087
Q2,21,3,0.0,0.0,-0.03221993519329923,0.0,0.8242271087652082,-25.581277672359267,0.0,0.0,-19.200000762939453
Q3,21,5,0.0,0.0,0.0,0.0,0.0,102.84906878856023,-104.44665090622537,-0.984704324132906,223.3333300219643
FY,21,2,0.0,0.0,1.6217741783239885,0.0,0.28285288176549434,-0.4076759255063664,0.0,0.0,-36.87774379178492
Q2,22,3,0.0,0.0,1.3796321519938046,0.0,0.057714687546931896,0.018072934173024028,-0.7157827153250088,-0.025249190551937004,-34.883720930232556
Q3,21,1,0.0,0.0,5.529109840152515,0.0,0.9805375735864077,68.74491392801252,-0.0,0.0,-51.13788222377196
Q3,22,2,0.0,0.0,2.388225213244827,0.0,-0.35745564006832736,-1.9393922887672377,0.0,0.0,-54.17814863359668
Q3,21,9,0.0,0.0,-10.188686000716077,0.0,10.283029001074114,2.7954545454545454,-0.0,0.0,-57.62712118574092
Q1,22,9,0.0,0.0,4.3538681948424065,0.0,0.46418338108882523,-0.9241573033707865,1.547752808988764,-0.5970961887477314,-16.666663562258016
FY,21,10,0.0,0.0,3.50874445538617,0.0,0.07228692556451742,-0.0,-0.0,0.0,33.40993046424129
Q3,22,0,0.0,0.0,17.202592087312414,0.0,0.2939972714870396,0.0,0.0,0.0,-23.34593842004108
FY,21,5,0.0,0.0,1.3499556771756724,0.0,-4.159278886918986,-11.304848602301476,0.0,0.0,29.166673596150357
Q2,22,9,0.0,0.0,2.202763141534591,0.0,0.0,0.0,2.0482466886054094,0.0,-16.161618655025418
Q3,21,7,0.0,0.0,2.2533534510869364,0.0,-0.252932515976457,-1.9407597600321629,1.1383253093947834,-1.7049254233519697,-38.30275223086793
Q3,22,7,0.0,0.0,1.9961723430039413,0.0,-0.05228550785028079,0.5765559745975573,-0.0,0.0,-68.19296765723196
Q1,22,8,0.0,0.0,1.461154718847103,0.0,0.014547504200017396,0.0,0.5423990708851205,0.0,0.0
Q3,22,2,0.0,0.0,1.4107492898666802,0.0,-0.10180461652800728,-0.5117726761427549,0.0,0.0,-55.32423154670006
Q3,21,8,0.0,0.0,5.911841734600566,0.0,-2.2224606590129974,-0.0,-0.0,0.0,-70.3157901763916
Q3,21,5,0.0,0.0,1.6339874285450307,0.0,0.4340152958030668,-0.17854723530350156,0.0,0.0,-21.48760578100013
Q1,22,3,0.0,0.0,-0.45302013422818793,0.0,0.19463087248322147,-0.0,-0.0,0.0,-40.9836097610666
FY,21,9,0.0,0.0,3.005273747104012,0.0,0.1546305328618461,-0.0,-0.0,0.0,39.837402408298985
Q3,21,7,0.0,0.0,-0.08614536414876074,0.0,2.1918826454010683,1.7876639838538975,-0.0,0.0,-97.33750013876707
Q3,21,1,0.0,0.0,2.66144906382122,0.0,0.350549124219851,-2.9434058352630714,4.878979180325023,-0.6032831308509479,4.466901470841433
Q3,21,0,0.0,0.0,4.585575888051668,0.0,0.09759598134194475,-3.115606936416185,8.77528901734104,-0.35504322766570606,-62.36786569942717
Q3,21,0,0.0,0.0,745.5502066084991,0.0,-1.442261099632861,0.0,0.0,0.0,0.5138765990462865
Q3,21,3,0.0,0.0,-14.79007213700253,0.0,-0.243155606969646,0.0,0.0,0.0,1.2409502028160513
FY,21,6,0.0,0.0,0.0,0.0,0.0,-0.1039066196014508,6.8616327382251425,-0.015143133356963623,-7.034628080424884
Q2,22,2,0.0,0.0,3.422882740572397,0.0,0.16343844755458514,0.0,0.0,0.0,-9.502264005526996
Q3,21,1,0.0,0.0,2.4781019780729743,0.0,0.10857164955430516,0.0,5.606035345115038,0.0,-48.6293518316398
Q3,21,4,0.0,0.0,1.181908752725685,0.0,-0.07027953103052323,-0.3900868425159981,0.0,0.0,-29.032262317560352
Q1,22,7,0.0,0.0,2.5593666329462694,0.0,0.02111992068501402,0.0,0.0,0.0,0.31055763966716343
Q3,21,3,0.0,0.0,-0.015823085248454084,0.0,0.3240441274201409,0.26453033918365537,-0.0,0.0,-99.97647058948968
Q3,21,0,0.0,0.0,-162.09181050312156,0.0,2.692985677561513,11.401609668660265,-0.0,0.0,-53.34987694051429
Q3,22,0,0.0,0.0,1.3561436518324608,0.0,-0.44846204188481675,0.45926360323377874,0.0,0.0,900.0
Q1,22,1,0.0,0.0,-1.594519121935905,0.0,0.203612058923157,0.001066639287690298,-0.0,0.0,37.75510179256708
FY,21,3,0.0,0.0,7.506488781079442,0.0,0.17016373559733172,0.0,0.0,0.0,4.562201062162535
FY,21,6,0.0,0.0,1.1924520266201788,0.0,0.1007124708420305,-0.9781511102282429,2.23907330588735,-0.4368553310230275,-33.53329410320347
Q1,22,6,0.0,0.0,-0.03677377088234418,0.0,0.1637682022572288,0.18345353703336695,-0.0,0.0,-75.0
Q3,21,0,0.0,0.0,15.886980419099965,0.0,-0.22687343573636945,-0.0,-0.0,0.0,1.734694622298754
FY,21,8,0.0,0.0,1.342018284640529,0.0,-0.643169838391349,-0.8756406701295728,0.0,0.0,-66.33302889225389
FY,21,9,0.0,0.0,2.7824659248045536,0.0,0.19671302798229312,-11.40280837479013,0.0,0.0,-24.66345840833585
FY,21,1,0.0,0.0,-5.899533939712847,0.0,-0.7891640983236864,0.0,18.106292834890965,0.0,-32.110175138619034
Q3,21,1,0.0,0.0,1.015132961653832,0.0,0.1224209420696334,-0.46501347697449086,0.6006770865955325,-0.7741488519398259,-79.20000076293945
Q1,22,1,0.0,0.0,1.9032527703065236,0.0,0.08594290485810752,-0.16526297354741643,0.0,0.0,-14.343861362390351
FY,21,7,0.0,0.0,2.3193839550590165,0.0,0.07384964968755918,0.0,3.4852229086658877,0.0,-1.0192808255131163
Q2,22,9,0.0,0.0,1.542430263609723,0.0,-0.01893976016082627,0.0,0.0,0.0,-9.29901994455695
FY,21,2,0.0,0.0,12.4891282557159,0.0,-37.21020190609537,-0.0,-0.0,0.0,-50.24875598285331
Q2,21,2,0.0,0.0,1.5559543230016313,0.0,0.061555193039695484,0.0,0.0,0.0,-17.836723802219502
Q3,21,8,0.0,0.0,2.8952211803375945,0.0,-0.9484439397321596,0.5208812252932237,-0.0,0.0,49.99999467815674
Q2,21,9,0.0,0.0,1.4503715102725174,0.0,0.36696544437681594,-0.2895718847064445,0.0,0.0,-39.33150225536988
Q3,22,0,0.0,0.0,-0.0,0.0,1.6028284573032494,0.0,0.0,0.0,0.0
Q3,21,1,0.0,0.0,-5.058411167615536,0.0,0.7077010353141399,-1.5204801376865424,0.0,0.0,-81.16995440584999
Q3,21,0,0.0,0.0,-13.588030253891787,0.0,-0.11812642242848993,0.0,0.0,0.0,-1.3013024766702999
Q1,21,8,0.0,0.0,-1.2192027896350628,0.0,0.296819575542596,0.2153846153846154,-0.0,0.0,-23.529415373983642
FY,21,6,0.0,0.0,1.9837367149936853,0.0,0.15503297709698147,0.0,1.850928781467403,0.0,-1.4563979079651468
Q3,21,0,0.0,0.0,-14.644849417880542,0.0,-0.1909318217726246,0.0,0.0,0.0,0.9259274703230199
Q2,21,2,0.0,0.0,-0.5305148336158673,0.0,5.556931564600788,5.551435560105117,-0.0,0.0,-84.54545471786467
Q2,22,2,0.0,0.0,1.3939633829270375,0.0,0.04859251670586044,-0.32909554765640847,0.0,0.0,-42.41913754425524
Q2,22,2,0.0,0.0,1.084214421899823,0.0,-0.007139107106321453,-0.48601279867383895,0.0,0.0,-96.14271909054345
Q3,21,8,0.0,0.0,-0.8573334943158349,0.0,0.5654552733419332,-1.053343146073541,0.0009131299915501403,-1153.55223880597,-82.3564941939383
Q3,21,1,0.0,0.0,-24.95239054864225,0.0,-1.5406317698624616,0.0,0.0,0.0,-55.54687521536834
Q3,21,1,0.0,0.0,3.1607496709560587,0.0,0.0,0.0,0.0,0.0,-30.516473133347887
Q3,21,8,0.0,0.0,3.4346441947565545,0.0,-4.825561797752809,-4.2015745448581265,0.0,0.0,-96.56607700312175
FY,21,3,0.0,0.0,7.926895463995658,0.0,0.06267858788828463,0.0,0.0,0.0,4.104805893957245
FY,21,2,0.0,0.0,22.590986100969513,0.0,1.4529640431701438,-3.802587909379648,0.0,0.0,-66.66666666666666
Q3,21,3,0.0,0.0,-0.010600901500663616,0.0,0.022933990306535666,0.013007229502074863,-0.0,0.0,1099.9999534338733
Q3,21,3,0.0,0.0,-0.34299709049138066,0.0,-1.6179119489393372,-0.11703036515080177,-0.0,0.0,-98.333333216918
FY,21,8,0.0,0.0,1.098545673949563,0.0,-0.19777231998678113,0.0,0.0,0.0,-23.552192826395153
Q3,21,2,0.0,0.0,-0.0854911340055521,0.0,-0.5601308135552016,0.09121762951105439,-0.0,0.0,-31.25
FY,21,8,0.0,0.0,3.0615630469522865,0.0,0.10363556806940111,-0.26714957807482637,0.6691434545590322,-0.39924111377713295,-49.350203366809566
Q1,22,2,0.0,0.0,1.4537985281466754,0.0,-0.034220890119548875,-0.14618630048214598,0.0,0.0,-36.803754641124506
Q3,22,1,0.0,0.0,1.8355170332631563,0.0,0.10238124554664492,0.0,0.0,0.0,-29.739774219943406
FY,21,3,0.0,0.0,2.153393802234617,0.0,0.16315911399397687,0.0,0.0,0.0,-12.920593005742134
Q3,21,1,0.0,0.0,1.8901149477752166,0.0,0.32503556458300054,0.0,0.0,0.0,-34.563912066211316
Q2,22,0,0.0,0.0,-0.015424226576014805,0.0,0.2600877016534578,-0.0,-0.0,0.0,166.66666666666669
FY,21,7,0.0,0.0,-0.22740629489356146,0.0,-0.00901136215227896,-6.293128654970761,9.116228070175438,-0.6903215459866892,-14.536583132860137
Q3,21,2,0.0,0.0,-0.0013554502702422908,0.0,0.07582633953510155,0.040421538561147066,-0.021482408518133017,-1.8816111111111111,-46.666668477571655
Q3,21,8,0.0,0.0,1.277223838126824,0.0,-0.1701744205808516,0.0,0.0,0.0,-63.48684039224876
Q3,21,4,0.0,0.0,2.194676624476238,0.0,-0.05450381016478149,-0.0,-6.476022279581579,0.0,67.72205970931525
Q3,21,3,0.0,0.0,3.34604555402481,0.0,0.9667959913765372,-0.9657667470629425,0.0,0.0,-79.34545485874838
Q2,22,7,0.0,0.0,3.916042061797736,0.0,-0.19901534101147444,0.5834168663614739,-3.365968387416216,-0.17332808844628403,-60.24129503226866
Q3,21,7,0.0,0.0,1.7699796941794035,0.0,-0.2209174270492985,-0.2874468661062458,0.6482298457013674,-0.4434335568045868,-99.89344272992666
Q2,22,8,0.0,0.0,1.0020203509856438,0.0,-0.02176601940542986,-0.023314105136257854,0.0,0.0,-20.136523520317777
Q2,22,1,0.0,0.0,2.2334988705060317,0.0,0.10942830228368133,0.0,0.0,0.0,-17.868756983777757
